concept_id,seattle_dx,neatherlands_dx,korea_dx,taiwan_dx,cumc_dx,mtsinai_dx,vanderbilt_dx
132321,0,0,0,1,0,0,0
132344,1,0,0,1,0,0,0
132356,0,0,0,1,0,0,0
132391,0,0,0,1,0,0,0
132446,1,1,0,1,1,1,1
132466,1,0,0,1,1,1,1
132491,0,0,0,1,0,0,0
132553,0,0,0,1,0,0,0
132579,0,0,0,1,0,0,0
132659,1,0,0,1,0,0,1
132702,0,0,1,1,0,0,0
132703,0,0,0,1,0,0,1
132706,1,0,0,1,1,1,1
132776,1,0,0,1,1,0,1
132797,0,0,0,1,0,0,0
132943,1,0,1,1,0,0,0
132982,0,0,0,1,0,0,0
132983,0,0,0,1,0,0,0
133004,0,0,0,1,0,0,0
133055,1,0,0,1,0,0,1
133141,1,1,1,1,1,1,1
133228,1,0,1,1,1,1,1
133280,1,1,0,1,1,1,1
133285,0,0,0,1,0,0,0
133294,1,0,0,1,0,0,1
133295,0,0,1,1,0,0,0
133298,1,0,0,1,1,1,1
133299,1,0,0,1,1,1,1
133351,1,0,0,1,0,0,1
133384,0,0,0,1,1,0,1
133414,1,0,0,1,1,1,1
133424,1,0,0,1,1,1,1
133444,0,0,1,1,0,0,1
133547,0,0,1,1,0,0,0
133551,1,1,0,1,1,0,1
133566,1,0,0,1,0,0,0
133569,1,0,0,1,0,0,0
133637,0,0,0,1,0,0,0
133655,0,0,0,1,0,0,0
133685,0,0,0,1,0,0,0
133727,0,0,0,1,1,1,1
133729,0,0,0,1,1,1,1
133794,1,0,1,1,1,0,1
133803,0,0,0,1,0,0,0
133834,0,1,1,1,0,0,0
133857,1,0,0,1,1,0,1
134057,1,1,1,1,1,1,1
134074,1,0,0,1,0,0,1
134115,0,0,0,1,0,0,0
134116,0,0,0,1,1,1,1
134118,1,0,0,1,1,1,1
134122,0,0,0,1,0,0,0
134159,1,0,0,1,1,1,1
134386,0,0,0,1,0,0,0
134398,1,1,0,1,0,0,0
134438,1,1,1,1,1,1,1
134441,1,1,0,1,1,1,1
134452,1,0,0,1,0,1,1
134453,1,1,0,1,1,1,1
134510,0,0,0,1,0,0,1
134517,0,0,0,1,0,0,0
134618,0,0,0,1,0,0,0
134668,0,0,1,1,1,1,1
134671,1,0,0,1,1,1,1
134735,1,0,0,1,0,0,1
134736,1,0,0,1,1,1,1
134870,0,1,0,1,1,1,1
134898,0,0,1,1,1,1,1
135032,0,0,0,1,0,0,1
135033,1,1,0,1,1,1,1
135061,0,1,0,1,0,0,0
135215,1,0,0,1,1,1,1
135287,1,0,0,1,0,1,1
135303,0,0,0,1,0,0,0
135333,0,1,0,1,0,1,1
135424,0,0,0,1,0,0,0
135473,1,0,0,1,1,1,1
135526,1,0,0,1,1,1,1
135611,0,0,0,1,0,0,0
135615,0,0,0,1,0,0,0
135618,1,0,0,1,1,1,1
135688,0,0,0,1,0,0,0
135694,0,0,0,1,0,0,0
135772,1,1,0,1,1,1,1
135777,1,0,0,1,1,1,1
135852,0,0,0,1,0,0,0
135858,1,0,0,1,0,1,1
135892,1,0,0,1,1,1,1
136057,1,0,0,1,1,1,1
136184,1,0,0,1,1,1,1
136185,1,0,0,1,0,0,1
136198,1,0,0,1,1,1,1
136262,0,0,0,1,0,0,1
136368,1,0,1,1,1,1,1
136495,1,0,0,1,1,1,1
136496,1,0,0,1,1,1,1
136497,1,0,1,1,1,1,1
136575,0,0,0,1,0,0,1
136661,0,0,0,1,1,0,1
136710,0,0,0,1,0,0,0
136773,1,0,1,1,1,1,1
136775,1,0,0,1,0,1,1
136788,1,0,0,1,1,1,1
136834,1,0,0,1,1,0,1
136982,0,0,0,1,0,0,1
137016,0,0,0,1,0,0,1
137053,1,1,1,1,1,1,1
137057,1,1,0,1,1,1,1
137063,1,1,0,1,0,1,1
137213,1,1,0,1,0,1,1
137322,0,0,0,1,0,0,0
137351,1,1,0,1,1,1,1
137379,1,1,1,1,1,1,1
137426,0,0,0,1,0,0,0
137497,1,0,0,1,1,1,1
137548,0,0,0,1,1,0,1
137591,0,0,1,1,0,0,0
137626,1,1,1,1,0,0,0
137627,0,0,0,1,0,0,0
137721,0,0,0,1,0,0,0
137733,0,0,0,1,0,0,0
137735,1,0,0,1,0,0,1
137792,0,0,0,1,0,0,0
137809,1,0,0,1,1,1,1
137813,1,0,0,1,0,0,1
137820,0,0,0,1,1,1,1
137944,0,0,0,1,0,0,0
137951,1,0,0,1,1,1,1
137967,1,0,0,1,1,1,1
137977,1,1,0,1,1,1,1
138102,1,1,1,1,1,1,1
138113,1,0,0,1,0,0,0
138176,0,0,0,1,0,0,1
138181,0,0,1,1,0,0,0
138225,1,0,0,1,1,1,1
138239,1,0,0,1,1,1,1
138278,1,0,0,1,1,1,1
138346,0,1,0,1,0,0,0
138384,1,0,0,1,0,1,1
138389,1,0,0,1,0,0,1
138455,0,0,1,1,1,0,1
138463,1,0,0,1,0,1,1
138466,0,0,0,1,0,0,0
138502,1,0,1,1,1,1,1
138519,0,0,0,1,1,1,1
138525,1,0,1,1,1,1,1
138592,0,0,0,1,0,0,0
138601,0,0,0,1,0,0,1
138604,1,0,0,1,1,1,1
138717,0,0,1,1,1,1,1
138790,1,0,1,1,0,0,1
138821,1,0,0,1,1,0,0
138825,0,0,0,1,0,1,1
138826,0,0,0,1,0,0,0
138841,1,0,0,1,1,1,1
138845,0,0,1,1,0,0,0
138886,0,0,0,1,0,0,0
138896,1,0,0,1,1,1,1
138906,0,0,0,1,0,0,0
139057,1,0,0,1,1,1,1
139099,0,1,0,1,1,1,1
139179,1,0,0,1,1,1,1
139180,1,0,0,1,0,0,1
139188,0,0,0,1,1,1,1
139850,1,0,0,1,0,0,1
139900,1,1,1,1,1,1,1
139902,0,0,1,1,1,1,1
139906,1,0,0,1,1,1,1
139912,0,0,0,1,0,0,0
140020,0,1,0,1,1,0,1
140027,0,0,0,1,0,0,1
140090,1,0,0,1,0,0,0
140168,0,1,0,1,0,0,0
140172,0,0,0,1,1,0,0
140190,1,0,0,1,1,0,1
140214,1,1,0,1,1,1,1
140259,0,0,0,1,1,1,1
140266,1,0,0,1,1,0,1
140273,0,0,0,1,1,0,1
140480,1,1,0,1,1,1,1
140487,0,0,0,1,0,0,0
140489,1,0,0,1,1,1,1
140570,0,0,0,1,0,0,1
140641,0,1,1,1,1,1,1
140648,1,0,0,1,1,1,1
140673,1,0,1,1,1,1,1
140803,1,0,0,1,1,1,1
140821,1,0,0,1,1,1,1
140949,0,1,0,1,1,1,1
140961,0,0,0,1,0,0,0
140966,1,0,0,1,1,1,1
141004,1,0,0,1,0,0,1
141050,1,0,1,1,0,0,0
141055,0,0,0,1,0,0,0
141056,0,0,0,1,0,0,1
141090,1,0,0,1,1,0,1
141094,0,0,0,1,0,0,0
141095,1,1,1,1,1,1,1
141104,1,0,0,1,0,1,1
141168,0,0,0,1,0,0,0
141216,0,1,0,1,1,0,1
141248,0,0,0,1,0,0,0
141249,1,0,1,1,1,1,1
141253,1,0,0,1,1,1,1
141323,0,0,1,1,1,1,1
141370,0,0,1,1,0,0,0
141371,1,1,0,1,1,1,1
141372,0,0,0,1,1,0,0
141456,0,0,0,1,0,0,0
141474,0,0,0,1,0,0,0
141475,1,0,0,1,0,0,1
141508,0,0,0,1,1,0,1
141608,0,0,0,1,0,0,0
141648,0,0,0,1,0,0,0
141663,1,0,0,1,1,1,1
141667,1,0,0,1,0,0,1
141825,0,0,0,1,0,0,1
141932,1,0,1,1,1,1,1
141933,1,1,1,1,1,0,1
141934,0,0,0,1,1,0,0
141941,0,0,0,1,1,1,1
141997,0,0,0,1,0,0,1
142032,1,0,0,1,0,0,1
192239,0,0,0,1,0,0,0
192242,0,0,0,1,1,1,1
192279,0,0,0,1,1,1,1
192353,1,0,1,1,1,0,1
192357,1,0,1,1,1,1,1
192359,1,0,1,1,1,1,1
192367,1,0,1,1,1,1,1
192450,1,1,0,1,1,1,1
192502,0,0,0,1,0,0,0
192606,1,0,0,1,1,1,1
192667,0,0,1,1,1,1,1
192671,1,0,1,1,1,1,1
192691,0,0,0,1,0,0,0
192731,1,1,0,1,1,1,1
192763,0,0,0,1,0,0,0
192854,1,0,1,1,1,1,1
192956,0,1,1,1,1,1,1
192963,1,0,1,1,1,1,1
192964,0,0,0,1,0,0,0
193016,1,0,0,1,1,1,1
193020,1,0,0,1,1,1,1
193186,1,0,0,1,1,0,0
193249,0,0,0,1,0,0,0
193250,0,0,0,1,0,0,0
193253,1,0,0,1,1,1,1
193255,1,0,1,1,1,1,1
193256,0,0,0,1,0,0,0
193262,0,0,0,1,0,0,0
193275,0,0,0,1,0,0,0
193322,1,0,0,1,1,1,1
193326,1,1,0,1,1,1,1
193353,0,0,0,1,0,0,0
193359,0,0,0,1,0,0,0
193431,0,0,0,1,0,0,0
193439,1,0,0,1,0,0,1
193493,0,0,0,1,0,0,1
193518,1,0,1,1,1,1,1
193519,1,0,0,1,1,0,1
193520,1,0,0,1,1,1,1
193522,0,0,0,1,1,0,1
193530,0,0,0,1,0,0,1
193693,0,0,0,1,1,0,1
193795,0,0,0,1,0,0,0
193804,0,0,0,1,0,0,0
193807,1,0,0,1,1,1,1
193814,0,0,0,1,0,0,0
193874,1,1,0,1,0,0,1
193983,1,0,0,1,1,0,1
193998,1,0,0,1,0,0,1
194081,0,0,1,1,1,1,1
194083,0,0,0,1,1,1,1
194091,0,0,0,1,0,0,0
194092,1,0,0,1,1,1,1
194093,1,1,0,1,0,0,1
194121,0,0,0,1,0,0,0
194133,1,1,1,1,1,1,1
194175,1,0,0,1,1,1,1
194229,0,0,0,1,0,0,0
194286,0,0,0,1,1,1,1
194382,1,0,0,1,1,1,1
194406,1,0,0,1,1,1,1
194475,1,1,0,1,0,0,1
194526,1,0,1,1,1,1,1
194611,1,0,1,1,0,1,1
194684,1,0,0,1,1,1,1
194686,1,0,0,1,1,1,1
194687,0,0,0,1,0,0,0
194693,1,0,0,1,1,1,1
194696,1,0,0,1,1,1,1
194700,0,0,0,1,0,0,0
194871,1,0,0,1,0,0,1
194913,0,0,0,1,0,0,1
194984,1,1,1,1,1,1,1
194990,1,0,1,1,1,1,1
194991,0,0,1,1,0,0,0
194993,1,0,0,1,0,1,1
194997,1,1,0,1,1,1,1
195002,0,0,0,1,0,0,0
195007,1,0,0,1,1,1,1
195012,1,0,0,1,1,1,1
195083,1,0,0,1,1,1,1
195209,1,0,0,1,0,0,1
195212,0,0,1,1,1,1,1
195240,0,0,0,1,0,0,0
195294,0,0,0,1,0,0,0
195300,0,0,0,1,1,0,0
195306,1,1,1,1,1,1,1
195312,1,0,1,1,0,0,1
195313,0,0,0,1,0,0,0
195314,1,0,0,1,1,0,1
195321,1,1,0,1,1,1,1
195398,1,0,0,1,0,0,0
195401,1,0,0,1,1,0,1
195453,0,0,1,1,0,1,0
195498,0,0,0,1,0,0,0
195500,0,0,0,1,0,0,0
195501,1,0,1,1,1,1,1
195556,0,0,0,1,0,0,0
195562,1,1,1,1,1,1,1
195575,0,0,0,1,0,0,0
195584,0,0,0,1,0,0,0
195585,0,0,0,1,0,1,1
195588,1,1,1,1,1,1,1
195590,1,0,0,1,1,1,1
195592,0,0,0,1,0,0,0
195596,1,0,0,1,1,1,1
195603,1,0,0,1,0,1,1
195769,0,0,0,1,1,1,1
195851,0,0,0,1,1,1,1
195856,1,0,0,1,1,1,1
195862,0,1,0,1,1,1,1
195867,1,0,0,1,1,1,1
195873,1,0,0,1,1,1,1
195876,0,0,0,1,0,0,0
195906,1,0,0,1,0,1,1
195948,0,0,0,1,0,0,0
195977,0,0,0,1,1,0,0
196044,1,0,0,1,1,1,1
196061,1,0,1,1,1,1,1
196149,0,0,0,1,1,1,1
196151,1,0,0,1,0,0,1
196152,1,0,1,1,1,0,1
196158,1,0,0,1,1,1,1
196162,1,0,1,1,1,0,0
196163,0,0,0,1,1,1,1
196168,1,1,0,1,1,1,1
196268,0,0,0,1,0,0,1
196276,0,0,0,1,0,0,0
196325,0,0,0,1,0,0,0
196328,0,0,0,1,0,0,0
196347,0,0,0,1,0,0,0
196359,1,0,0,1,1,1,1
196436,1,0,0,1,1,1,1
196443,0,0,0,1,0,0,0
196463,1,0,1,1,1,1,1
196468,0,0,0,1,0,0,0
196473,1,0,0,1,0,0,1
196523,1,0,0,1,1,1,1
196569,1,0,0,1,0,0,1
196620,0,0,0,1,0,0,0
196726,0,0,0,1,1,1,1
196733,0,0,0,1,0,0,0
196734,1,0,0,1,1,1,1
196735,0,0,0,1,1,1,1
196738,1,1,1,1,1,1,1
196856,0,0,0,1,0,0,0
196931,0,0,0,1,0,0,0
197006,1,0,0,1,0,1,1
197018,0,0,0,1,1,0,1
197023,1,0,0,1,1,1,1
197028,0,0,0,1,0,0,0
197032,1,0,1,1,1,1,1
197033,0,0,0,1,1,1,1
197044,0,0,0,1,0,0,1
197145,0,0,0,1,1,0,1
197150,1,0,0,1,1,0,1
197163,0,0,0,1,0,0,0
197223,0,1,0,1,0,0,0
197236,1,1,1,1,1,1,1
197237,1,0,0,1,0,0,0
197239,1,0,0,1,0,0,1
197304,1,1,0,1,1,1,1
197318,1,0,0,1,0,0,0
197319,0,0,0,1,0,0,0
197320,1,0,1,1,1,1,1
197331,0,1,0,1,0,0,0
197381,1,1,0,1,1,1,1
197440,0,0,0,1,0,0,1
197484,0,0,0,1,0,0,0
197500,1,0,0,1,1,1,1
197508,1,1,1,1,1,0,1
197593,0,0,0,1,1,0,1
197596,0,0,0,1,0,0,0
197602,0,0,0,1,0,0,0
197605,1,0,0,1,0,0,0
197606,1,0,0,1,0,0,0
197607,1,0,0,1,1,1,1
197609,0,0,0,1,0,0,0
197610,1,0,0,1,1,1,1
197672,1,1,1,1,1,1,1
197676,1,0,0,1,1,0,1
197684,1,1,1,1,1,1,1
197717,1,0,0,1,0,0,1
197751,0,0,0,1,0,0,0
197852,0,0,0,1,0,0,0
197911,1,0,0,1,1,1,1
197913,1,1,0,1,1,1,1
197917,1,0,0,1,1,1,1
197925,1,0,0,1,1,1,1
197927,0,0,0,1,0,0,0
197950,1,0,0,1,1,1,1
197981,1,0,0,1,1,0,1
197988,1,0,0,1,1,1,1
198062,0,0,1,1,1,1,1
198075,0,1,0,1,1,1,1
198101,1,0,0,1,1,1,1
198185,1,0,0,1,1,1,1
198187,0,0,0,1,0,0,0
198194,1,0,0,1,1,1,1
198195,0,0,0,1,0,0,0
198197,1,0,1,1,0,0,1
198199,0,0,0,1,1,1,1
198201,1,0,0,1,1,1,1
198249,0,0,0,1,0,0,0
198263,1,0,0,1,1,1,1
198337,0,0,0,1,0,0,0
198400,1,0,0,1,0,0,1
198499,0,0,0,1,0,0,0
198520,1,0,0,1,0,0,1
198678,0,0,0,1,1,1,1
198683,0,0,0,1,0,0,0
198803,1,1,0,1,1,1,1
198809,0,0,1,1,1,1,1
198846,1,0,0,1,0,1,1
198892,0,0,0,1,0,0,0
198964,0,0,0,1,1,1,1
198978,0,0,0,1,1,1,0
198985,0,0,0,1,1,1,1
199062,0,0,0,1,0,0,1
199067,1,1,0,1,1,1,1
199074,0,0,1,1,1,1,1
199075,1,0,0,1,1,1,1
199078,0,0,0,1,0,1,1
199192,0,0,0,1,0,0,1
199718,0,0,0,1,0,0,0
199764,1,0,1,1,1,1,1
199767,1,0,0,1,0,0,1
199839,1,0,0,1,1,1,1
199856,1,0,0,1,1,1,1
199860,1,1,0,1,1,1,1
199866,0,0,0,1,1,1,1
199867,0,0,0,1,0,0,0
199872,0,0,0,1,0,0,0
199876,1,0,0,1,0,1,1
199877,1,0,0,1,1,1,1
199878,1,1,0,1,0,1,1
199881,1,0,1,1,1,1,1
199885,0,0,0,1,0,0,0
199958,0,0,0,1,1,0,1
199978,1,0,0,1,1,0,1
200051,0,1,0,1,1,1,1
200164,0,0,0,1,1,0,1
200169,0,1,0,1,0,1,1
200174,1,1,0,1,1,1,1
200219,1,0,0,1,1,1,1
200444,0,0,0,1,0,0,0
200445,1,0,1,1,1,0,1
200447,1,0,0,1,1,1,1
200452,1,1,0,1,1,1,1
200461,0,0,1,1,1,1,1
200527,1,0,0,1,1,1,1
200528,1,0,0,1,1,1,1
200579,0,0,0,1,0,0,0
200675,1,0,0,1,0,0,0
200763,1,0,1,1,1,1,1
200769,0,0,0,1,0,0,0
200771,0,0,0,1,0,0,0
200775,0,0,0,1,0,1,0
200779,0,0,1,1,1,1,1
200780,1,0,0,1,1,1,1
200962,1,0,0,1,1,1,1
201045,1,0,0,1,0,1,1
201065,1,0,0,1,1,1,1
201069,0,0,0,1,1,1,1
201070,0,0,0,1,1,1,1
201078,1,1,0,1,1,1,1
201093,1,0,0,1,1,1,1
201136,0,0,0,1,0,0,0
201221,0,0,0,1,0,0,0
201254,1,1,1,1,1,1,1
201257,1,0,0,1,0,0,1
201322,0,0,0,1,1,1,1
201332,0,0,0,1,0,0,0
201337,1,1,0,1,1,1,1
201340,0,0,0,1,1,1,1
201343,1,0,0,1,1,1,1
201347,0,0,0,1,0,0,0
201352,0,0,0,1,0,0,0
201355,0,0,0,1,0,0,0
201418,1,1,0,1,1,1,1
201530,0,0,0,1,0,0,0
201595,0,0,0,1,0,0,0
201603,1,0,1,1,1,1,1
201606,1,1,0,1,1,1,1
201612,1,0,1,1,0,0,0
201613,1,0,0,1,1,1,1
201614,0,0,0,1,0,0,0
201618,1,0,0,1,1,1,1
201620,0,0,1,1,1,1,1
201621,1,0,0,1,1,0,1
201626,0,0,0,1,0,0,0
201690,0,1,0,1,0,0,0
201728,0,1,0,1,0,0,0
201792,0,0,0,1,0,0,0
201817,0,0,0,1,0,0,0
201820,1,1,1,1,1,1,1
201826,1,1,1,1,1,1,1
201898,0,0,0,1,0,0,0
201901,0,0,0,1,0,0,1
201909,1,0,1,1,1,1,1
201914,0,0,0,1,1,0,1
201916,1,0,1,1,1,1,1
201965,1,0,0,1,1,1,1
201995,0,0,0,1,0,0,0
202001,0,0,0,1,0,0,0
22350,1,0,0,1,0,1,1
22492,0,0,1,1,1,0,0
22665,0,0,0,1,0,0,0
23164,1,0,0,1,0,0,1
23220,0,0,1,1,1,1,1
23237,0,0,0,1,0,0,0
23247,0,0,0,1,0,0,0
23325,1,1,0,1,1,1,1
23653,0,0,1,1,0,0,1
23731,0,0,0,1,0,1,1
23798,0,0,0,1,0,0,0
23799,0,0,0,1,0,0,0
23808,0,0,0,1,0,0,1
24076,0,0,0,1,0,0,0
24134,1,0,0,1,1,1,1
24230,1,1,0,1,0,0,1
24609,1,1,1,1,1,1,1
24660,1,1,1,1,1,1,1
24970,0,0,1,1,0,0,1
24973,0,0,0,1,0,0,0
24977,0,0,0,1,0,0,0
25189,1,0,0,1,0,0,1
252280,1,0,0,1,1,0,1
252658,0,0,0,1,0,1,1
252662,1,0,0,1,1,0,1
252946,0,0,0,1,0,0,0
25297,1,1,1,1,1,1,1
253321,1,0,0,1,0,0,1
253549,0,0,1,1,0,0,1
253788,1,1,1,1,1,1,1
253797,1,0,0,1,1,1,1
253815,0,0,0,1,0,0,0
253954,0,0,0,1,1,1,0
254058,0,0,0,1,1,0,1
254061,1,1,1,1,1,1,1
254068,1,0,0,1,0,0,0
254213,0,0,0,1,0,0,0
254387,0,0,0,1,0,0,0
254443,1,0,0,1,0,1,1
254669,1,0,0,1,0,1,1
254761,1,1,1,1,1,1,1
255302,1,0,0,1,1,0,1
255334,1,0,0,1,1,0,1
255348,1,1,0,1,1,1,1
255454,0,0,0,1,0,0,0
255566,0,0,0,1,0,0,0
255573,1,0,1,1,1,1,1
255677,0,0,0,1,1,0,1
25572,1,0,0,1,0,0,0
255841,1,1,1,1,1,1,1
255848,1,1,0,1,1,1,1
255891,1,0,0,1,0,0,1
255919,1,0,0,1,1,1,1
256439,0,0,0,1,1,1,1
256448,1,0,0,1,1,1,1
256449,1,1,1,1,1,1,1
256451,1,0,0,1,1,1,1
256531,1,0,0,1,1,1,1
256571,0,0,0,1,1,0,0
256722,0,0,0,1,1,0,1
256723,0,0,0,1,0,0,1
257004,1,0,0,1,1,1,1
257007,1,1,0,1,1,1,1
257008,0,0,0,1,0,0,0
257011,1,1,0,1,1,1,1
257012,1,1,1,1,1,1,1
257293,0,0,0,1,1,0,1
257315,1,0,1,1,1,1,1
257581,1,0,0,1,1,1,1
257628,0,0,1,1,1,1,1
257905,0,0,0,1,0,0,0
257907,1,0,0,1,1,1,1
258335,0,0,0,1,0,0,0
25844,1,0,0,1,1,0,1
258453,1,0,1,1,0,1,1
258482,0,0,0,1,0,0,0
258780,0,0,0,1,1,1,1
259043,0,0,0,1,1,0,1
259044,0,0,0,1,0,0,0
259153,1,1,0,1,1,1,1
259848,0,0,1,1,1,1,1
259865,1,0,0,1,1,0,0
259995,1,0,0,1,1,1,1
260123,1,1,1,1,1,1,1
260125,1,0,1,1,1,0,1
260134,1,0,0,1,1,0,1
260139,1,1,1,1,1,1,1
260427,1,1,1,1,1,1,1
260759,1,0,0,1,0,0,0
260936,0,0,0,1,0,0,0
261255,1,0,0,1,0,0,0
261325,1,0,0,1,1,1,1
261326,0,0,0,1,1,0,0
261600,1,0,0,1,1,1,1
261687,1,1,1,1,1,1,1
261774,0,0,1,1,0,0,0
26378,1,0,0,1,0,1,1
26711,1,0,1,1,1,0,1
26719,0,0,0,1,0,0,0
26727,0,1,0,1,1,1,1
27321,1,0,0,1,1,1,1
27419,1,0,0,1,0,0,1
27674,1,0,1,1,1,1,1
28060,0,1,0,1,1,1,1
28179,0,0,0,1,0,1,1
28457,1,0,0,1,1,1,1
28714,0,0,0,1,0,0,0
28779,0,0,0,1,1,1,1
29056,1,0,1,1,1,1,1
29735,0,1,0,1,1,1,1
30133,0,0,1,1,0,1,1
30163,1,0,0,1,1,0,1
30234,0,0,0,1,1,1,1
30284,1,0,0,1,0,0,0
30437,1,0,1,1,1,1,1
30439,0,0,0,1,0,0,0
30441,0,0,1,1,0,0,0
30679,1,0,0,1,0,1,1
30753,1,0,1,1,1,1,1
30770,0,0,0,1,0,0,0
30978,1,0,0,1,1,0,0
31057,0,0,0,1,0,0,0
312327,1,1,1,1,1,1,1
312337,1,0,0,1,0,1,1
312338,0,0,0,1,0,1,1
312349,1,0,0,1,1,1,1
312358,1,0,0,1,1,0,1
312437,1,1,1,1,1,1,1
312622,0,0,0,1,0,0,1
312648,1,0,0,1,1,1,1
312664,1,0,0,1,1,1,1
312723,1,0,0,1,1,1,1
312934,0,0,0,1,1,1,1
312950,1,0,0,1,1,1,1
312998,1,0,0,1,1,1,1
31317,1,0,0,1,1,1,1
313217,1,0,1,1,1,1,1
313219,1,1,1,1,1,0,1
31335,0,0,0,1,0,0,0
313502,0,0,0,1,0,1,1
313792,0,1,0,1,1,0,1
313878,1,1,0,1,1,1,1
314054,1,0,0,1,1,1,1
314090,1,0,0,1,1,1,1
314131,1,0,0,1,1,1,1
314369,0,0,0,1,1,0,1
314378,0,0,0,1,0,0,0
314658,1,0,1,1,1,1,1
314659,1,0,0,1,1,0,1
314665,1,0,0,1,1,1,1
314666,1,1,1,1,1,1,1
314754,1,1,0,1,1,1,1
314958,0,0,0,1,0,0,0
314962,0,0,0,1,1,1,1
314971,1,0,0,1,0,0,1
315078,1,1,1,1,1,1,1
315085,1,1,0,1,1,1,1
315276,1,0,1,1,1,0,1
315286,1,0,1,1,1,1,1
315296,1,1,1,1,1,1,1
315505,0,0,0,1,0,0,1
315831,1,0,0,1,1,1,1
315832,0,0,0,1,0,0,0
315947,1,0,0,1,0,0,1
31597,0,0,0,1,0,0,0
31598,0,0,0,1,0,0,0
31601,0,0,0,1,0,0,0
31602,1,0,1,1,0,1,1
316084,1,1,1,1,1,1,1
31609,0,0,0,1,0,0,0
31610,1,0,0,1,1,1,1
316127,1,0,0,1,0,1,1
316139,1,1,1,1,1,1,1
316211,1,0,0,1,1,1,1
316429,1,1,0,1,1,1,1
316437,0,0,0,1,1,1,1
316501,0,0,0,1,0,0,0
316535,1,0,0,1,0,0,1
316814,0,0,1,1,1,0,1
316822,1,0,1,1,1,1,1
316994,0,0,0,1,0,0,0
316995,1,0,0,1,1,1,1
316999,1,1,1,1,1,1,1
317002,1,0,0,1,1,1,1
317009,0,1,1,1,1,1,1
317248,1,0,0,1,0,1,1
317299,0,0,0,1,0,0,0
317302,1,0,0,1,1,1,1
317309,0,0,0,1,1,1,1
317576,1,1,0,1,1,1,1
317893,0,0,0,1,1,1,1
317898,1,0,0,1,1,1,1
318186,0,0,0,1,0,0,1
31821,1,0,0,1,1,1,1
318222,0,1,0,1,0,0,1
318443,0,0,1,1,0,0,1
318521,1,0,0,1,0,0,1
318556,1,0,1,1,1,1,1
318736,1,1,1,1,1,1,1
318776,0,0,0,1,1,0,0
318800,1,0,0,1,1,1,1
319016,1,0,0,1,0,0,1
319034,0,0,0,1,0,0,1
319038,0,0,0,1,0,0,0
319041,0,1,0,1,1,1,1
319049,1,0,0,1,1,1,1
31967,1,1,0,1,1,1,1
319825,0,0,0,1,1,0,0
319826,1,0,0,1,1,0,1
319835,0,0,1,1,1,1,1
319843,1,0,0,1,1,1,1
319927,1,0,0,1,0,0,1
320128,1,0,1,1,1,1,1
320136,1,1,1,1,1,1,1
320416,0,0,0,1,1,0,0
320420,1,0,0,1,1,1,1
320741,0,0,0,1,0,0,0
320752,0,0,0,1,0,0,1
320798,1,0,0,1,0,0,0
321041,0,0,0,1,0,0,0
321052,1,1,1,1,1,1,1
321080,1,0,0,1,0,1,1
321318,1,1,1,1,1,1,1
321319,1,0,0,1,1,1,1
321588,1,1,0,1,1,1,1
321726,0,0,0,1,0,0,0
321882,1,0,0,1,0,0,1
321887,1,0,0,1,0,1,1
372309,1,0,0,1,1,1,1
372318,0,0,0,1,0,0,0
372322,0,0,0,1,0,0,0
372324,1,0,0,1,1,1,1
372328,1,0,0,1,1,1,1
372409,1,0,0,1,1,1,1
372604,1,0,0,1,0,0,1
372608,0,0,0,1,0,0,0
372610,1,0,0,1,0,1,1
372629,1,0,0,1,0,0,1
372635,0,0,0,1,0,0,0
372646,0,0,0,1,0,0,0
372652,0,0,0,1,0,0,0
372765,1,0,0,1,1,0,1
372766,0,0,0,1,0,0,0
372880,0,0,0,1,0,0,0
372887,1,0,1,1,1,1,1
372888,0,0,0,1,0,0,0
372894,0,0,0,1,0,0,0
372896,0,0,0,1,0,0,0
372903,1,0,0,1,1,1,1
372912,1,0,0,1,1,1,1
372914,0,0,0,1,1,0,1
372924,1,0,0,1,0,0,1
373035,1,0,0,1,0,0,1
373179,0,0,0,1,0,0,0
373200,0,0,0,1,0,0,0
373201,0,0,0,1,0,0,0
373202,0,1,0,1,1,0,1
373203,0,0,0,1,0,0,1
373204,0,0,0,1,0,0,0
373478,1,0,0,1,1,1,1
373501,0,0,0,1,0,0,0
373503,1,1,1,1,1,1,1
373638,1,0,0,1,1,1,1
373648,0,0,0,1,0,0,0
373724,1,0,0,1,1,0,1
373747,0,0,0,1,1,0,1
373769,0,0,0,1,0,0,0
373785,0,0,0,1,0,0,0
373970,0,0,0,1,0,0,0
374009,1,0,1,1,1,0,1
374013,0,0,0,1,0,0,1
374022,1,0,1,1,1,1,1
374025,1,0,1,1,0,0,1
374027,1,0,0,1,1,1,1
374028,0,0,0,1,1,1,1
374034,1,0,0,1,1,1,1
374035,1,1,1,1,0,0,1
374036,0,0,0,1,1,0,0
374040,1,0,0,1,1,1,0
374044,0,0,0,1,1,1,1
374049,0,0,0,1,0,0,0
374053,1,0,0,1,0,0,1
374055,0,0,0,1,0,0,0
374060,1,0,0,1,1,1,1
374313,1,0,0,1,0,1,1
374347,0,0,0,1,0,0,0
374357,0,0,0,1,0,0,1
374360,0,0,0,1,0,0,1
374364,0,0,0,1,0,0,0
374366,0,0,0,1,1,1,1
374375,1,0,0,1,1,1,1
374377,0,0,1,1,0,0,0
374384,1,0,0,1,1,0,1
374641,0,0,0,1,0,0,0
374643,0,0,0,1,0,0,1
374655,0,0,0,1,0,0,0
374801,0,1,1,1,0,0,0
374882,1,0,0,1,0,1,1
374888,1,0,0,1,1,1,1
374914,1,0,0,1,0,1,1
374919,1,1,0,1,1,1,1
374923,0,1,0,1,1,1,1
374924,1,0,0,1,1,1,1
374941,0,0,0,1,0,0,0
374946,0,0,0,1,0,0,0
374948,0,0,0,1,0,0,1
374950,0,0,0,1,0,0,1
374954,1,0,0,1,1,0,1
375239,1,0,0,1,1,0,1
375252,1,0,1,1,1,1,0
375258,0,0,0,1,0,0,0
375263,0,0,0,1,0,0,0
375265,0,0,0,1,0,0,1
375281,1,0,0,1,0,0,1
375283,0,0,0,1,0,0,0
375290,1,0,0,1,0,0,0
375292,0,1,1,1,1,1,1
375393,0,0,0,1,1,0,1
375415,1,1,1,1,1,1,1
375519,1,0,0,1,1,1,1
375538,1,0,0,1,0,0,1
375545,1,1,0,1,1,1,1
375547,0,0,0,1,1,0,1
375552,0,0,1,1,1,0,1
375557,1,0,0,1,1,1,1
375671,1,0,0,1,1,0,1
375791,0,0,0,1,1,0,1
375806,1,0,0,1,1,1,1
375824,0,0,0,1,0,1,0
375827,1,0,0,1,1,1,1
375838,0,0,0,1,0,0,0
376028,0,0,0,1,0,0,0
376065,1,0,0,1,1,1,1
376085,0,0,0,1,1,0,0
376103,0,1,0,1,1,0,1
376106,1,0,0,1,1,0,1
376112,1,0,0,1,1,1,1
376115,1,0,0,1,0,0,1
376120,1,0,0,1,0,0,1
376121,0,0,0,1,0,0,0
376124,1,0,0,1,0,0,1
376125,1,0,1,1,1,1,0
376208,1,0,1,1,1,0,1
376229,0,0,1,1,1,1,1
376267,0,0,0,1,0,0,0
376337,1,1,0,1,1,0,1
376382,1,1,1,1,1,1,1
376395,0,0,0,1,0,0,0
376400,1,0,0,1,0,0,1
376412,0,0,0,1,0,0,1
376415,0,0,0,1,1,1,1
376422,1,0,0,1,0,0,0
376425,0,0,0,1,1,0,1
376552,1,0,0,1,0,0,1
376555,0,0,0,1,0,0,0
376680,1,0,0,1,1,0,1
376683,1,0,0,1,1,1,1
376686,1,0,0,1,0,0,1
376697,0,0,0,1,0,0,0
376707,0,0,0,1,1,1,1
376709,1,1,0,1,1,1,0
376712,0,0,0,1,0,0,0
376713,1,0,0,1,1,1,1
376714,0,0,0,1,0,0,0
376961,1,0,0,1,1,1,1
376965,1,0,0,1,0,0,1
376966,1,0,0,1,0,0,1
376973,0,0,0,1,0,0,0
376981,0,0,0,1,1,0,1
376984,0,0,0,1,0,0,0
377091,1,1,0,1,1,1,1
377263,0,0,0,1,0,0,0
377274,0,0,0,1,1,0,1
377280,1,0,1,1,1,0,1
377283,0,0,0,1,0,0,0
377285,0,0,0,1,0,0,0
377288,0,0,0,1,0,0,0
377291,0,0,0,1,0,0,0
377294,0,0,0,1,1,0,1
377298,0,0,0,1,0,1,1
377558,1,0,0,1,0,0,1
377559,0,0,0,1,0,0,0
377560,1,0,0,1,0,0,1
377574,0,1,0,1,1,0,0
377575,0,0,1,1,1,1,1
377861,1,0,0,1,1,1,0
377869,0,0,0,1,0,0,0
377877,0,0,0,1,1,0,1
377884,0,1,0,1,0,0,0
377885,1,0,0,1,1,1,1
377886,0,0,0,1,0,0,0
377888,0,0,0,1,1,1,1
377889,1,1,0,1,1,1,1
377910,1,1,1,1,1,1,1
378001,0,0,0,1,1,0,1
378135,1,0,1,1,0,0,1
378140,1,0,0,1,1,0,1
378161,1,1,0,1,1,1,1
378253,1,1,1,1,1,1,1
378361,0,0,0,1,0,0,0
378414,1,1,0,1,1,0,1
378416,0,0,1,1,1,0,0
378419,0,1,1,1,1,1,1
378424,0,0,1,1,1,1,1
378425,1,1,0,1,1,1,1
378427,1,0,1,1,1,1,1
378434,0,0,0,1,0,0,0
378523,1,0,0,1,0,0,1
378735,1,0,0,1,1,1,1
378741,0,0,0,1,1,0,1
378752,0,0,0,1,1,0,1
378753,0,0,0,1,0,0,0
378756,1,0,1,1,1,1,1
379010,1,0,0,1,1,1,1
379012,0,0,0,1,0,0,0
379019,0,0,1,1,1,1,1
379020,0,0,0,1,0,0,0
379028,0,0,0,1,0,0,0
379031,0,1,0,1,0,0,0
379769,0,0,0,1,1,0,1
379784,0,0,0,1,0,1,0
379801,1,1,1,1,1,1,1
379805,1,0,1,1,1,1,1
379806,0,0,0,1,0,1,1
379809,0,0,0,1,0,0,0
379816,0,0,0,1,0,0,1
379832,1,0,1,1,1,1,1
379953,0,0,0,1,0,0,0
379963,0,0,0,1,0,0,0
380038,0,1,0,1,0,1,1
380094,0,1,1,1,1,1,1
380096,1,0,0,1,1,0,1
380102,0,0,0,1,1,0,1
380111,1,0,1,1,0,1,1
380117,0,0,0,1,0,0,1
380378,1,1,1,1,1,1,1
380397,0,0,0,1,0,0,0
380403,1,0,0,1,1,1,1
380407,0,0,0,1,0,0,0
380415,1,0,0,1,0,0,1
380534,0,0,0,1,0,0,0
380640,0,0,0,1,0,0,0
380669,1,0,0,1,0,0,1
380688,0,0,0,1,0,0,0
380706,1,0,0,1,0,0,1
380709,0,0,0,1,0,0,0
380727,0,0,0,1,0,0,0
380728,0,0,0,1,0,0,0
380731,1,1,1,1,0,0,0
380733,0,1,0,1,1,1,1
380834,1,0,0,1,1,0,1
380859,0,0,0,1,1,0,1
380944,0,0,0,1,0,0,0
380986,0,0,0,1,0,0,0
381001,0,0,0,1,0,0,1
381017,0,0,0,1,0,0,1
381020,0,0,0,1,0,0,0
381028,0,0,0,1,0,0,0
381033,1,0,0,1,1,0,1
381035,1,0,0,1,0,0,1
381040,0,0,0,1,0,0,0
381174,1,0,0,1,0,0,1
381270,0,1,1,1,1,1,1
381281,1,0,0,1,0,0,1
381290,1,0,0,1,0,1,1
381292,1,0,0,1,1,1,1
381295,0,1,1,1,1,1,1
381301,0,0,0,1,1,0,1
381302,0,0,0,1,0,0,0
381308,0,0,0,1,0,0,1
381444,1,1,0,1,1,1,1
381549,0,0,0,1,1,1,1
381568,0,0,0,1,0,0,0
381575,0,0,0,1,0,0,0
381581,1,1,0,1,1,1,1
381585,1,0,1,1,0,0,1
381591,1,0,1,1,1,0,1
381592,0,0,0,1,0,0,0
381732,1,0,0,1,0,0,0
381839,0,0,0,1,0,0,0
381854,0,0,1,1,0,0,0
381858,0,0,0,1,0,0,0
381859,0,0,0,1,1,1,1
381864,1,0,0,1,0,1,1
381877,0,0,0,1,0,0,0
382003,0,0,0,1,0,0,0
4000609,0,0,0,1,0,0,0
4001336,0,1,0,1,0,0,0
4001460,0,0,0,1,0,0,0
4002650,0,0,0,1,0,0,0
4012198,0,1,0,1,0,0,0
4012368,0,1,0,1,0,0,0
4014214,0,0,0,1,0,0,0
4014781,0,0,0,1,0,0,0
4018504,0,0,0,1,0,0,0
4018734,1,0,0,1,0,0,0
4019263,0,0,0,1,0,0,0
4021782,0,0,0,1,0,0,0
4023310,0,0,0,1,0,0,0
4023316,0,1,0,1,0,0,0
4024567,1,0,0,1,1,1,1
4027396,0,1,0,1,0,0,0
4027663,0,1,1,1,0,0,0
4027782,0,0,0,1,0,0,0
4029043,0,1,0,1,0,0,0
4029498,0,0,0,1,0,0,0
4029964,0,0,0,1,0,0,0
40304526,0,0,0,1,0,0,0
4030518,0,0,0,1,0,0,0
4030555,0,0,0,1,0,0,0
4032936,0,0,0,1,0,0,0
4033051,0,0,0,1,0,0,0
4035007,0,0,0,1,0,0,0
4041284,0,0,0,1,0,0,0
4042837,0,0,0,1,0,0,0
4043371,0,0,0,1,0,0,0
4043382,0,0,0,1,0,0,0
4043671,0,0,0,1,0,0,0
4043731,0,0,0,1,0,0,0
4043747,0,0,0,1,0,0,0
4046500,0,0,0,1,0,0,0
40479625,0,0,0,1,0,0,0
40480261,0,0,0,1,0,0,0
40480515,0,0,0,1,0,0,0
40481080,0,0,0,1,0,0,0
40481091,0,0,0,1,0,0,0
40481346,0,0,0,1,0,0,0
40481762,0,0,0,1,0,0,0
40481763,0,0,0,1,0,0,0
40481816,0,0,0,1,0,0,0
40481919,0,0,0,1,0,0,0
40481920,1,0,0,1,1,1,1
40482301,0,0,0,1,0,0,0
40482507,0,0,0,1,0,0,0
40482662,0,0,0,1,0,0,0
40483107,1,0,0,1,0,1,1
40483287,0,0,0,1,0,0,0
40483342,0,0,0,1,0,0,0
40483794,0,0,0,1,0,0,0
40484513,0,0,0,1,1,1,1
40484522,1,0,0,1,0,1,1
4048512,0,0,0,1,0,0,0
40487064,0,0,0,1,0,0,0
40493038,0,0,0,1,0,0,0
4049810,0,0,0,1,0,0,0
4050683,0,0,0,1,0,0,0
4051302,0,0,0,1,0,0,0
4051770,0,0,0,1,0,0,0
4053584,0,0,0,1,0,0,0
4053588,0,0,0,1,0,0,0
4053837,0,0,0,1,0,0,0
4054058,0,0,0,1,0,0,0
4054063,0,0,0,1,0,0,0
4055062,0,0,0,1,0,0,0
4055859,0,0,0,1,0,0,0
4055866,0,0,0,1,0,0,0
4056160,0,0,0,1,0,0,0
4056903,0,0,0,1,0,0,0
4057233,0,0,0,1,0,0,0
4057780,0,0,1,1,0,0,0
4058352,0,0,0,1,0,0,0
4058364,0,0,0,1,0,0,0
4058500,0,0,0,1,0,0,0
4059173,0,0,0,1,0,0,0
4059178,0,0,0,1,0,0,0
4059284,0,0,0,1,0,0,0
4060558,0,0,0,1,0,0,0
4062084,0,0,0,1,0,0,0
4063381,0,0,0,1,0,0,0
4065355,0,0,0,1,0,0,0
4065991,0,0,0,1,0,0,0
4066371,0,0,0,1,0,0,0
4066820,1,0,0,1,1,1,0
4072338,0,0,0,1,0,0,0
4084966,0,1,0,1,0,0,0
4090205,0,0,1,1,0,0,0
4090425,0,0,0,1,0,0,0
4091464,0,0,0,1,0,0,0
4091532,1,0,0,1,0,0,0
4093228,0,0,0,1,0,0,0
4093672,0,0,0,1,0,0,0
4095312,0,0,0,1,0,0,0
4096347,0,0,0,1,1,0,1
4096359,0,0,0,1,0,0,0
4099994,0,0,0,1,0,0,0
4100365,0,1,0,1,0,0,0
4101602,0,0,0,1,0,0,0
4102183,0,0,0,1,0,0,0
4103372,0,0,0,1,0,0,0
4104689,0,0,0,1,0,0,0
4105866,0,0,0,1,0,0,0
4106361,0,0,0,1,0,0,0
4108356,0,0,0,1,0,0,0
4108659,0,0,0,1,0,0,0
4108817,1,0,0,1,1,1,1
4110192,0,0,0,1,0,0,0
4111114,0,0,0,1,0,0,0
4113641,0,0,0,1,0,0,0
4113650,1,0,0,1,0,0,0
4114604,0,0,0,1,0,0,0
4115367,0,0,0,1,0,0,0
4115722,0,0,0,1,0,0,0
4115991,0,0,0,1,0,0,0
4119158,0,0,0,1,0,0,0
4119458,0,0,0,1,0,0,0
4120313,0,0,0,1,0,0,0
4122175,0,1,0,1,0,0,0
4126244,0,0,0,1,0,0,0
4128219,0,0,0,1,0,0,0
4130331,0,0,0,1,0,0,0
4132087,0,0,0,1,0,0,0
4132555,0,0,0,1,0,0,0
4134120,0,0,0,1,0,0,0
4134146,0,0,0,1,0,0,0
4136228,0,0,0,1,0,0,0
4145627,0,0,1,1,0,0,0
4145821,1,0,0,1,1,0,1
4146239,1,0,0,1,0,1,1
4146709,0,0,0,1,0,0,0
4148260,0,0,1,1,0,0,0
4150319,0,0,0,1,0,0,0
4151083,0,0,0,1,0,0,0
4153877,0,0,0,1,0,0,0
4154162,0,0,0,1,0,0,0
4155529,0,0,0,1,0,0,0
4156941,0,0,0,1,0,0,0
4157332,0,1,0,1,0,0,0
4159739,0,0,0,1,0,0,0
4163280,0,0,0,1,0,0,0
4163865,0,0,0,1,0,0,0
4166906,0,0,0,1,0,0,0
4168217,1,0,0,1,1,1,1
4168226,0,0,0,1,0,0,0
4170137,1,0,1,1,1,1,1
4170742,0,0,0,1,0,0,0
4173027,0,1,0,1,0,0,0
4173811,0,0,0,1,0,0,1
4174977,0,1,1,1,0,0,0
4177483,0,0,0,1,0,0,0
4178874,0,0,0,1,0,0,0
4180978,0,0,0,1,0,0,0
4182210,0,1,0,1,0,0,0
4182553,0,0,0,1,0,0,0
4185117,0,0,0,1,0,0,0
4185932,0,1,0,1,0,0,0
4186397,0,0,0,1,0,0,0
4187096,0,0,0,1,0,0,0
4188191,0,0,0,1,0,0,0
4190186,0,0,0,1,0,0,0
4192735,0,0,0,1,0,0,0
4193869,0,0,1,1,0,0,0
4197476,0,0,0,1,0,0,0
4197477,0,0,0,1,0,0,0
4198381,0,1,1,1,0,0,0
4204841,0,0,0,1,0,0,0
4206591,0,0,0,1,0,0,0
4209746,0,0,0,1,0,0,0
4209859,0,0,0,1,0,0,0
4209905,0,0,0,1,0,0,0
4211231,1,0,0,1,1,1,1
4216185,0,0,0,1,0,0,0
4216978,0,0,0,1,0,0,0
4218873,0,0,0,1,0,0,0
4219481,0,0,0,1,0,0,0
4222781,0,0,0,1,0,0,0
4224741,0,1,0,1,0,0,0
4226282,0,0,0,1,0,0,0
4227449,0,0,0,1,0,0,0
4229909,0,0,0,1,0,0,0
4230641,0,0,0,1,0,0,0
4232302,0,0,0,1,0,0,0
4233903,0,0,0,1,0,0,0
4236312,0,0,0,1,0,0,0
4236905,0,0,0,1,0,0,0
4237458,0,0,0,1,0,0,0
4239975,0,0,0,1,0,0,0
4242416,0,0,0,1,0,0,0
4243161,0,0,1,1,0,0,0
4246127,0,0,0,1,0,0,0
4249875,0,0,0,1,0,0,0
4252893,0,0,0,1,0,0,0
4262178,0,0,0,1,0,0,0
4262519,0,0,0,1,0,0,0
4262590,0,0,0,1,0,0,0
4263504,0,0,0,1,0,0,0
4265426,0,1,0,1,0,0,0
4265600,0,1,1,1,0,0,0
4266046,0,0,0,1,0,0,0
4266367,0,1,1,1,0,0,0
4266654,0,0,0,1,0,0,0
4267555,0,0,0,1,0,0,0
4273095,0,0,0,1,0,0,0
4278672,1,0,1,1,0,0,1
4279139,0,0,0,1,0,0,0
4280571,0,1,0,1,0,0,0
4282096,0,0,0,1,0,0,0
42872402,0,0,0,1,0,0,0
42873157,0,0,0,1,0,0,0
4288310,0,0,0,1,0,0,0
4288544,0,1,1,1,0,0,0
4291005,0,1,1,1,0,0,0
4291025,0,0,0,1,0,0,0
4291028,0,0,0,1,0,0,0
4291649,0,0,0,1,0,0,0
4296205,1,0,0,1,0,0,0
4299408,0,0,0,1,0,0,0
4300203,0,0,0,1,0,0,0
4300442,0,0,0,1,0,0,0
4301129,0,0,0,1,0,0,0
4301471,0,0,0,1,0,0,0
4301602,0,0,0,1,0,0,0
43020432,0,0,0,1,0,0,0
4302537,0,0,0,1,0,0,0
4304916,0,0,0,1,0,0,0
4305080,0,1,0,1,1,0,1
4307254,0,0,0,1,1,1,1
4310400,0,0,1,1,0,0,0
4311499,0,1,0,1,0,0,0
4311591,1,0,0,1,0,1,1
4312000,0,0,0,1,0,0,0
4316083,0,0,0,1,0,0,0
4318535,0,0,0,1,0,0,0
4318699,0,0,0,1,0,0,0
432250,1,1,0,1,1,1,1
432251,0,1,0,1,0,0,0
432284,1,0,0,1,1,1,1
432285,0,0,0,1,1,1,1
432312,1,0,0,1,1,0,1
432347,1,0,1,1,0,0,0
432461,1,0,0,1,0,0,1
432463,1,0,0,1,0,0,0
4324765,0,0,0,1,0,0,0
432513,1,0,0,1,0,0,0
432541,0,0,0,1,1,0,0
432545,0,0,0,1,1,1,1
432546,0,0,0,1,0,0,0
432582,1,0,0,1,0,0,1
432585,1,1,1,1,1,1,1
432590,1,0,0,1,1,1,1
432595,1,0,0,1,0,0,1
432596,1,0,0,1,0,0,1
432597,0,0,0,1,1,1,1
432612,1,0,0,1,0,0,1
432621,0,0,0,1,0,0,0
432660,0,0,1,1,0,0,0
4326601,1,0,0,1,1,1,1
432730,1,1,0,1,1,1,1
432738,1,1,0,1,1,1,1
432768,0,0,0,1,1,0,1
432791,1,1,1,1,1,1,1
432795,1,0,0,1,1,1,1
432860,0,0,0,1,0,0,0
432867,1,0,0,1,1,1,1
432870,1,0,0,1,1,1,1
432875,0,0,0,1,1,1,1
432876,1,0,0,1,1,1,1
432883,0,0,0,1,0,0,0
432895,1,0,0,1,0,0,1
432910,0,0,1,1,0,0,0
432923,1,0,1,1,1,1,1
432941,1,0,0,1,0,0,1
432967,1,0,0,1,1,1,1
432968,1,0,0,1,1,1,1
4329707,0,1,1,1,0,0,0
433000,1,0,0,1,0,0,1
433064,0,0,1,1,0,0,0
433071,1,0,0,1,1,0,1
433131,0,0,0,1,0,0,0
433163,1,0,0,1,1,1,1
433168,1,0,0,1,0,0,0
433177,0,0,0,1,0,0,0
433208,0,0,0,1,0,0,1
433243,1,0,0,1,0,0,1
433246,0,0,0,1,0,0,0
433266,0,0,0,1,0,0,0
433270,1,0,0,1,1,1,1
433413,0,0,0,1,1,0,0
433440,1,1,1,1,1,1,1
433447,0,0,0,1,0,0,0
433450,0,0,0,1,1,1,1
433454,1,0,0,1,1,1,1
433491,0,0,0,1,0,0,0
433516,0,0,0,1,1,1,1
433527,1,1,1,1,1,1,1
433585,0,0,0,1,0,0,0
433595,1,0,0,1,1,1,1
433701,1,0,0,1,1,1,1
433735,0,0,0,1,1,1,1
433736,0,1,1,1,1,1,1
4337456,0,0,0,1,0,0,0
433751,1,0,0,1,1,0,1
433753,0,1,0,1,1,1,1
433758,0,0,0,1,0,0,0
433802,0,0,0,1,0,0,0
433811,1,0,1,1,1,1,1
433885,1,0,0,1,0,0,1
433903,0,0,0,1,0,0,0
433909,1,0,1,1,1,0,1
433911,1,0,0,1,0,0,1
433912,0,0,0,1,0,0,0
433917,0,0,0,1,0,0,0
433968,1,1,1,1,1,1,1
434005,1,0,0,1,1,1,1
434008,1,0,0,1,1,1,1
434056,1,0,0,1,1,1,1
434073,1,0,0,1,0,0,1
434084,0,0,0,1,0,0,1
434089,0,0,0,1,0,0,0
434119,1,1,0,1,0,1,1
434123,0,0,0,1,0,0,0
434203,0,0,0,1,0,0,0
434212,0,0,0,1,0,0,0
434254,0,0,0,1,0,0,0
434272,0,1,1,1,1,0,1
434303,1,0,0,1,1,1,1
434309,0,0,0,1,1,0,1
434344,0,0,0,1,0,0,0
434348,0,0,1,1,1,0,1
434376,1,0,0,1,1,1,1
434402,0,0,0,1,0,0,0
434459,1,0,0,1,1,0,1
434462,1,0,0,1,1,0,1
4344638,0,0,0,1,0,0,0
434467,1,0,0,1,1,1,1
434494,1,0,0,1,1,1,1
434500,1,0,0,1,1,1,1
434502,0,0,0,1,1,1,1
434610,1,0,0,1,1,1,1
434613,1,1,1,1,1,1,1
434621,1,0,0,1,0,0,1
434622,1,0,0,1,1,1,1
434633,1,0,0,1,0,0,1
434656,0,0,0,1,0,1,0
434701,0,0,0,1,0,0,0
434782,1,0,0,1,1,0,1
434854,0,0,0,1,1,0,0
434889,1,0,0,1,1,0,1
434896,1,0,0,1,0,0,1
434911,0,0,0,1,0,0,0
434920,0,0,0,1,0,0,0
434926,1,1,0,1,1,1,1
434942,1,0,0,1,1,0,1
434944,0,0,0,1,0,0,1
434972,0,0,0,1,0,0,0
435082,0,0,0,1,1,1,1
435093,0,0,0,1,1,0,1
435117,0,0,0,1,0,0,0
435127,0,0,0,1,1,1,1
435141,1,0,0,1,1,1,1
435216,1,0,0,1,1,1,1
435227,1,1,0,1,0,0,1
435232,0,0,1,1,0,0,0
435243,0,0,0,1,1,1,1
435244,0,0,0,1,0,0,0
435262,1,0,0,1,1,1,1
435305,0,0,0,1,0,0,0
435308,1,0,0,1,0,0,1
43530807,0,0,0,1,0,0,0
43530950,0,0,0,1,0,0,0
43531027,0,0,0,1,0,0,0
43531028,0,0,0,1,0,0,0
43531045,0,0,0,1,0,0,0
43531058,0,0,0,1,0,0,0
435380,1,0,0,1,0,0,1
435416,0,0,0,1,0,0,0
435506,1,0,0,1,0,0,1
435508,1,0,0,1,1,1,1
435515,1,0,0,1,1,1,1
435521,1,0,0,1,0,0,1
435543,0,0,0,1,0,0,0
435553,0,0,0,1,0,0,1
435569,1,0,0,1,1,1,1
435570,0,0,1,1,0,0,0
435613,1,1,1,1,1,1,1
435626,0,0,0,1,0,0,0
435656,0,0,0,1,1,0,1
435666,0,0,0,1,1,0,1
435696,1,0,0,1,0,0,1
435742,0,0,0,1,1,1,1
435746,0,0,0,1,0,0,0
435783,0,0,1,1,1,1,1
435784,0,0,1,1,0,0,0
435785,1,0,1,1,1,0,1
435802,0,0,0,1,0,0,0
435810,0,0,0,1,0,0,0
435840,0,0,0,1,0,0,0
435842,0,0,0,1,0,0,0
435854,0,0,0,1,0,0,0
435875,1,0,0,1,1,1,1
435933,1,0,0,1,0,0,1
435937,0,0,0,1,0,0,0
435940,1,0,0,1,0,0,1
435950,1,0,0,1,1,0,1
435951,1,0,0,1,0,0,1
435959,0,0,0,1,0,0,1
435993,0,0,0,1,0,0,0
436027,0,0,0,1,0,0,0
436033,0,0,1,1,1,1,0
436067,0,0,0,1,0,0,0
436073,1,1,0,1,1,1,1
436075,1,0,0,1,1,1,1
436077,1,0,0,1,1,1,1
436091,0,0,0,1,0,0,0
436108,0,0,0,1,0,0,0
436118,1,0,0,1,1,0,1
436147,0,0,0,1,0,0,1
436148,0,0,0,1,1,0,0
436155,1,1,0,1,1,1,1
436164,1,0,0,1,1,1,1
436167,0,0,0,1,0,0,0
436209,1,0,0,1,1,0,1
436235,1,0,0,1,0,0,1
436252,0,0,0,1,1,0,1
436253,0,0,0,1,1,1,1
436254,0,0,0,1,1,0,0
436263,1,0,0,1,1,0,1
436265,0,0,0,1,0,0,0
436278,0,0,0,1,1,0,1
436333,0,0,0,1,0,0,0
436336,0,0,0,1,0,0,1
436373,1,1,0,1,1,0,1
436375,1,0,0,1,1,1,1
436407,0,0,0,1,0,0,0
436445,0,0,0,1,0,0,0
436460,0,0,0,1,0,0,0
436466,1,0,0,1,1,0,1
436539,0,0,0,1,1,0,1
436541,1,0,0,1,0,0,1
436546,0,0,0,1,0,0,0
436568,0,0,0,1,0,0,0
436635,1,0,0,1,1,0,1
436658,1,1,0,1,0,1,1
436659,1,0,1,1,1,1,1
436665,1,1,1,1,1,1,1
436666,0,0,0,1,0,0,1
436670,1,1,1,1,1,1,1
436677,1,0,1,1,1,1,1
436682,0,0,0,1,0,0,0
436785,0,0,0,1,1,1,1
436812,0,0,1,1,0,0,0
436817,0,0,0,1,0,0,0
436826,1,0,0,1,0,0,1
436839,0,0,0,1,1,1,1
436855,1,0,0,1,0,0,1
436869,0,0,0,1,0,0,0
436900,0,0,0,1,0,0,0
436936,1,0,0,1,1,1,1
436944,1,0,0,1,1,1,0
436945,0,0,0,1,0,0,0
436953,1,0,0,1,1,1,1
436976,1,0,0,1,0,0,0
436985,0,0,0,1,0,0,0
437027,0,0,0,1,0,0,0
437082,0,0,1,1,0,0,1
437092,1,0,0,1,1,0,1
437116,1,0,0,1,1,1,1
437127,1,0,0,1,0,0,1
437243,1,0,0,1,0,0,0
437246,1,0,0,1,1,1,1
437247,1,0,0,1,1,1,1
437264,1,1,0,1,1,1,1
437267,0,0,0,1,0,0,0
437308,0,0,0,1,0,0,0
437312,0,1,0,1,0,0,0
437366,0,0,0,1,0,0,0
437385,1,0,0,1,0,0,1
437394,0,0,0,1,0,0,0
437400,1,0,0,1,0,0,1
437404,0,0,0,1,0,0,0
437406,0,0,0,1,1,0,0
437409,1,0,1,1,1,1,1
437428,0,0,0,1,0,0,0
437474,1,0,0,1,1,1,1
437489,0,0,0,1,0,0,0
437496,0,0,1,1,0,0,0
437530,1,1,0,1,1,1,1
437534,0,0,0,1,0,0,0
437536,1,0,0,1,0,0,0
437541,1,1,1,1,1,1,1
437557,0,0,0,1,0,0,0
437579,1,0,0,1,1,1,1
437589,0,0,1,1,0,0,0
437590,0,0,0,1,0,0,0
437643,1,0,0,1,1,1,1
437655,0,0,0,1,1,0,1
437699,1,0,0,1,0,0,0
437700,0,0,0,1,0,0,0
437703,0,0,0,1,0,0,0
437779,0,0,0,1,1,0,1
437791,0,0,0,1,0,0,0
437827,0,0,1,1,0,0,0
437828,1,0,0,1,1,1,1
437833,1,0,0,1,1,1,1
437837,0,0,0,1,0,0,0
437841,0,0,0,1,0,0,0
437851,1,0,0,1,1,0,1
437902,0,0,0,1,0,0,0
437903,0,0,0,1,0,0,0
437935,1,0,0,1,1,1,1
437947,0,0,0,1,0,0,1
437954,0,0,0,1,0,1,1
437969,1,0,0,1,1,1,1
438003,1,0,0,1,0,0,1
438021,1,0,0,1,1,0,1
438028,1,1,0,1,1,1,1
438039,1,0,0,1,0,0,0
438112,1,0,0,1,1,0,1
438156,0,0,0,1,0,0,0
438268,0,0,0,1,1,0,1
438409,1,1,1,1,1,1,1
438411,0,0,0,1,0,0,0
438430,0,0,0,1,0,0,1
438451,0,0,0,1,0,0,0
438460,0,0,0,1,0,0,0
438468,0,0,0,1,0,0,0
438469,0,0,0,1,1,1,1
438478,0,0,0,1,0,0,0
438480,1,0,0,1,1,1,1
438531,1,0,0,1,0,1,1
438595,1,0,0,1,0,0,1
438699,0,0,0,1,1,0,1
438720,0,1,1,1,0,0,0
438722,0,0,0,1,0,0,0
438727,0,0,0,1,1,0,1
438749,1,0,0,1,0,0,1
438783,0,0,0,1,0,0,0
438827,0,0,0,1,1,0,1
438879,1,0,0,1,1,0,1
438887,1,0,0,1,0,0,1
438912,0,0,0,1,0,0,0
438962,0,0,0,1,0,0,0
438998,0,0,0,1,0,0,0
439014,0,0,0,1,0,0,0
439040,0,0,0,1,0,0,0
439080,0,1,0,1,0,1,1
439081,1,1,0,1,0,0,1
439082,1,0,0,1,1,1,1
439103,0,0,0,1,0,0,0
439120,1,0,0,1,1,0,1
439162,0,0,0,1,0,0,1
439166,1,0,0,1,1,0,1
439197,0,0,0,1,0,0,0
439199,0,0,0,1,0,0,0
439221,1,0,0,1,1,1,1
439264,0,0,0,1,0,0,0
439276,0,0,0,1,0,0,0
439297,1,0,0,1,1,1,1
439382,0,0,0,1,0,0,0
439524,0,0,0,1,0,0,0
439620,0,0,0,1,0,0,0
439673,0,0,0,1,0,0,0
439674,0,0,1,1,0,0,0
439695,0,0,0,1,0,0,0
439697,1,0,0,1,1,1,1
439717,1,0,0,1,0,0,1
439743,0,0,0,1,0,0,0
439777,1,0,1,1,1,1,1
439790,0,0,0,1,0,0,1
439791,0,0,0,1,1,0,1
439808,0,0,0,1,0,0,0
439842,0,0,0,1,0,0,0
439847,1,0,0,1,0,0,1
439858,0,0,0,1,0,0,0
439907,0,0,0,1,0,0,0
439940,0,0,0,1,1,0,1
439944,1,0,0,1,0,0,1
439961,1,0,0,1,0,0,1
439968,1,0,0,1,0,0,0
439975,0,0,0,1,0,0,0
439981,1,0,0,1,0,0,0
440002,0,0,0,1,0,0,0
440005,1,1,0,1,1,0,1
440009,1,0,0,1,1,1,1
440021,0,0,0,1,1,1,1
440029,0,1,0,1,1,1,1
440039,0,0,0,1,1,0,1
440066,0,0,0,1,0,0,0
440076,1,0,0,1,1,1,1
440078,0,0,0,1,0,0,0
440083,1,1,1,1,1,0,1
440086,0,0,0,1,0,0,0
440108,0,0,0,1,0,0,0
440129,0,0,0,1,1,1,1
440140,0,0,0,1,0,0,0
440226,0,0,0,1,0,0,0
440228,0,0,0,1,1,0,1
440233,1,0,0,1,0,0,1
440238,1,0,0,1,1,1,1
440276,1,0,0,1,1,1,1
440321,0,0,0,1,1,1,1
440329,0,0,0,1,1,1,1
440358,1,1,0,1,1,1,1
440360,1,0,0,1,1,1,1
440370,0,0,0,1,1,1,1
440374,1,1,0,1,1,1,1
440383,1,1,1,1,1,1,1
440389,1,1,0,1,1,1,1
440417,1,1,0,1,1,1,1
440431,0,0,0,1,0,0,0
440432,1,0,0,1,0,0,0
440448,0,1,0,1,0,0,0
440457,0,0,1,1,1,1,0
440473,0,0,0,1,0,0,0
440508,1,0,0,1,1,1,1
440519,1,0,0,1,1,0,1
440525,1,0,1,1,1,0,1
440538,1,0,0,1,0,0,1
440543,0,0,0,1,0,0,1
440544,0,0,0,1,0,0,0
440547,1,0,0,1,0,0,1
440556,1,0,0,1,0,0,1
440615,0,0,0,1,0,0,0
440637,0,0,0,1,0,0,0
440647,0,0,0,1,1,1,0
440674,1,1,1,1,1,1,1
440700,1,0,0,1,1,0,1
440703,0,0,0,1,0,0,0
440751,1,1,1,1,1,0,1
440755,0,0,0,1,0,0,0
440760,1,0,0,1,0,0,1
440785,0,1,0,1,0,0,0
440795,0,1,0,1,0,0,0
440814,1,0,0,1,1,1,1
440853,1,0,0,1,0,0,1
440858,0,0,0,1,0,0,0
440875,0,0,0,1,0,0,0
440878,1,0,0,1,1,0,1
440905,1,0,0,1,1,0,1
440921,1,1,0,1,1,1,0
440981,0,0,0,1,0,0,0
441170,0,0,0,1,0,0,0
441177,0,0,0,1,0,0,0
441259,1,0,0,1,0,0,1
441284,0,0,0,1,0,0,1
441321,0,0,0,1,0,0,0
441329,0,0,0,1,0,0,0
441331,0,0,0,1,0,0,0
441364,0,0,0,1,0,0,0
441381,0,0,0,1,0,0,0
441408,1,1,0,1,1,1,1
441422,0,0,0,1,1,0,1
441428,1,0,0,1,0,0,1
441460,1,0,0,1,0,0,0
441500,0,0,0,1,0,0,0
441534,1,0,0,1,1,0,1
441545,0,1,0,1,0,0,0
441558,0,0,0,1,0,0,0
441561,1,0,0,1,0,0,1
441589,0,0,0,1,1,1,1
441604,1,0,0,1,1,1,1
441628,1,0,0,1,1,0,1
441655,0,1,0,1,0,0,0
441699,1,0,0,1,0,0,1
441701,1,0,0,1,1,1,1
441712,1,0,0,1,0,0,1
441737,1,1,0,1,1,1,1
441793,0,0,0,1,0,0,0
441818,1,0,0,1,1,1,1
441830,1,0,0,1,1,1,1
441836,0,0,0,1,1,1,1
441838,1,1,0,1,1,1,1
441840,1,0,0,1,1,1,1
441848,0,0,0,1,0,0,0
441872,0,1,0,1,0,0,0
441874,0,0,0,1,1,1,1
441946,0,0,0,1,0,0,0
441973,1,0,0,1,0,0,0
441974,0,0,0,1,1,0,1
441980,0,0,0,1,1,0,1
441992,0,0,0,1,0,0,0
442013,1,1,0,1,1,0,1
442019,1,0,1,1,1,1,1
442068,1,0,0,1,1,1,1
442077,1,0,0,1,0,0,1
442105,0,0,1,1,0,0,0
442256,0,0,0,1,1,1,1
442268,0,0,0,1,0,0,0
442281,0,0,0,1,0,0,0
442306,0,0,0,1,1,1,1
442308,0,0,0,1,1,1,1
442325,0,0,0,1,0,0,0
442334,0,0,0,1,0,0,0
442425,1,0,0,1,0,0,1
442543,0,0,0,1,0,0,0
442555,0,0,0,1,0,0,0
442560,0,1,1,1,0,0,0
442604,0,0,0,1,1,1,1
442619,0,0,0,1,0,0,0
442623,0,0,0,1,1,1,1
442632,0,0,0,1,0,0,0
442747,0,0,0,1,0,0,0
442752,1,1,1,1,1,1,1
442753,1,0,0,1,0,0,0
442764,1,1,0,1,1,1,1
442775,1,0,0,1,0,0,1
442792,1,0,0,1,0,0,1
442793,0,0,0,1,1,1,1
442794,1,0,0,1,0,0,0
442942,0,0,0,1,0,0,0
442980,0,0,0,1,0,0,0
443111,1,0,0,1,1,0,1
443114,1,0,0,1,0,0,1
443115,1,0,0,1,1,1,1
443178,0,0,0,1,0,0,0
443237,0,0,0,1,0,0,1
443239,0,0,0,1,0,0,0
443343,0,1,1,1,0,0,0
443421,0,0,0,1,0,0,0
443431,1,0,0,1,1,1,1
443458,1,0,0,1,1,0,1
443530,0,0,0,1,0,0,0
443545,1,0,0,1,1,1,1
443563,0,0,0,1,0,1,1
443585,1,0,0,1,1,1,1
443588,0,0,1,1,0,0,0
443608,0,0,0,1,0,0,0
443615,0,0,0,1,0,0,0
443616,1,0,0,1,0,1,1
443617,1,0,0,1,1,1,1
443677,0,0,0,1,1,1,1
443729,0,0,0,1,1,1,1
443730,0,0,0,1,0,0,0
443731,0,0,0,1,0,0,0
443732,0,0,0,1,1,0,1
443734,0,0,0,1,0,0,0
443747,0,0,0,1,0,0,0
443757,0,0,0,1,0,0,0
443767,0,0,0,1,1,1,1
443772,0,0,0,1,0,0,0
443776,1,0,0,1,1,1,1
443788,1,0,0,1,1,1,1
443792,0,0,0,1,0,0,0
443800,0,1,0,1,0,0,0
443858,0,0,0,1,0,0,0
443861,0,0,0,1,0,0,0
443865,1,0,0,1,1,1,1
443900,0,0,0,1,0,0,0
443917,0,0,0,1,0,0,0
443943,0,1,1,1,0,0,0
443961,0,0,0,1,0,0,0
444070,0,0,0,1,1,1,1
444071,0,0,0,1,0,0,0
444100,1,0,0,1,1,1,1
444112,1,0,0,1,0,1,1
444129,1,0,0,1,1,1,1
444132,1,1,0,1,1,1,1
444202,1,0,0,1,1,1,1
444234,1,0,0,1,0,0,0
444237,0,0,0,1,0,0,0
444243,1,1,0,1,1,1,1
444246,1,0,0,1,1,1,1
444247,1,0,0,1,1,1,1
444258,0,0,0,1,0,0,0
444272,1,0,0,1,0,0,0
444283,0,0,0,1,0,0,0
444297,0,0,0,1,0,0,1
444367,0,0,0,1,0,0,0
444371,0,0,0,1,0,0,0
444375,0,0,0,1,0,1,1
444382,1,0,0,1,1,1,1
444406,1,0,0,1,1,1,1
444426,0,0,0,1,0,0,0
444429,0,1,1,1,0,0,0
444433,0,0,0,1,0,0,0
444435,0,0,0,1,0,0,0
444439,0,0,0,1,0,0,0
444445,1,0,0,1,0,1,1
444453,1,0,0,1,0,0,1
444455,0,0,0,1,0,0,1
44782549,0,0,0,1,0,0,0
44783027,0,0,0,1,0,0,0
44783376,0,0,0,1,0,0,0
44784603,0,0,0,1,0,0,0
45766714,0,0,0,1,0,0,0
45769438,0,0,0,1,0,0,0
45769441,0,0,0,1,0,0,0
45769442,0,0,0,1,0,0,0
45769443,0,0,0,1,0,0,0
45772120,0,0,0,1,0,0,0
72404,1,0,0,1,1,1,1
72405,0,0,0,1,0,0,0
72418,1,0,1,1,0,0,0
72457,1,0,0,1,0,0,1
72459,1,0,0,1,0,0,1
72465,1,0,0,1,1,1,1
72469,0,0,0,1,1,0,1
72481,0,0,0,1,0,0,0
72487,0,0,0,1,0,0,0
72576,1,0,1,1,1,1,1
72578,1,0,0,1,0,0,1
72618,1,0,1,1,1,1,1
72708,0,0,0,1,0,0,0
72711,1,0,0,1,0,0,1
72712,0,0,0,1,0,0,1
72715,1,0,0,1,0,1,1
72748,1,0,0,1,1,1,1
72990,1,0,0,1,1,0,1
72993,1,0,0,1,0,0,1
72994,0,0,0,1,0,0,0
72995,1,0,0,1,0,0,1
73008,0,0,0,1,1,1,1
73036,1,0,0,1,1,0,1
73045,0,0,0,1,1,1,1
73065,0,0,0,1,0,0,0
73075,1,0,0,1,0,0,1
73089,1,0,0,1,0,0,1
73090,0,0,0,1,1,1,1
73231,1,0,0,1,0,0,1
73241,0,0,0,1,1,1,1
73290,0,0,0,1,0,0,1
73300,1,0,0,1,1,1,1
73301,1,0,0,1,1,1,1
73302,0,0,0,1,0,0,1
73338,0,0,0,1,0,0,1
73341,1,0,0,1,1,0,1
73366,0,0,0,1,0,0,0
73537,1,0,0,1,1,1,1
73553,1,0,0,1,1,1,1
73560,1,0,0,1,1,1,1
73562,1,0,0,1,0,1,1
73564,1,0,0,1,1,1,1
73571,1,0,0,1,0,0,1
73574,1,0,0,1,1,1,1
73649,1,0,0,1,1,1,1
73801,0,0,1,1,0,0,0
73819,1,1,0,1,1,1,1
73840,1,0,0,1,1,0,1
73842,0,0,0,1,0,0,0
73843,1,0,0,1,1,1,1
73845,0,0,0,1,0,0,0
73884,1,0,0,1,0,0,1
73889,1,0,0,1,0,0,1
73904,0,0,0,1,0,0,1
73906,0,0,0,1,0,0,0
73923,1,0,0,1,1,0,0
73925,0,0,0,1,0,0,0
74052,0,1,0,1,0,0,1
74082,0,0,0,1,0,0,1
74114,1,0,0,1,1,1,1
74124,0,0,0,1,0,0,1
74125,1,0,0,1,0,0,1
74130,0,0,0,1,0,0,1
74132,1,0,0,1,1,1,1
74135,1,0,0,1,1,0,0
74138,1,0,0,1,1,1,1
74174,1,1,0,1,0,0,1
74188,0,0,0,1,1,0,1
74189,1,0,0,1,1,1,1
74194,1,0,0,1,1,1,1
74396,1,0,1,1,1,1,1
74415,0,0,0,1,0,0,0
74458,0,0,0,1,0,0,1
74464,0,0,0,1,1,1,1
74507,0,0,0,1,0,0,0
74511,1,0,0,1,0,0,1
74582,1,0,0,1,1,1,1
74606,0,0,0,1,0,0,1
74635,1,0,0,1,0,0,1
74698,1,0,0,1,0,1,1
74719,1,0,0,1,1,1,1
74722,0,0,0,1,0,0,0
74723,1,0,0,1,0,0,1
74725,0,0,0,1,1,1,1
74728,1,0,1,1,1,1,1
74729,1,0,0,1,1,1,1
74806,1,0,0,1,1,0,1
74809,0,0,0,1,0,0,1
74816,1,0,0,1,1,1,1
74855,0,1,0,1,1,1,1
75010,1,0,0,1,1,1,1
75036,0,0,0,1,0,0,1
75043,0,0,0,1,0,0,0
75048,0,0,0,1,0,0,0
75052,0,0,0,1,0,0,0
75053,1,1,0,1,1,1,1
75091,0,0,0,1,1,1,1
75095,1,0,0,1,1,1,1
75099,0,0,0,1,0,0,0
75103,0,0,0,1,0,0,0
75121,0,0,0,1,0,0,0
75311,1,0,0,1,1,0,1
75337,1,0,0,1,1,1,1
75344,0,0,1,1,0,0,0
75346,1,0,0,1,0,0,0
75347,0,0,0,1,0,0,1
75354,0,0,0,1,1,1,1
75382,1,0,0,1,0,0,0
75406,1,0,0,1,0,0,1
75426,0,0,0,1,1,0,0
75576,1,1,1,1,1,1,1
75614,1,0,0,1,1,1,1
75617,1,0,0,1,1,1,1
75620,1,0,0,1,0,0,1
75623,1,0,0,1,0,0,1
75627,0,0,0,1,0,0,0
75634,0,0,0,1,0,0,0
75650,0,1,1,1,1,1,1
75667,0,0,0,1,0,0,0
75668,1,0,0,1,0,0,1
75686,1,0,0,1,0,0,1
75689,0,0,0,1,0,0,0
75860,1,1,1,1,1,1,1
75863,1,0,0,1,1,0,1
75865,0,0,0,1,0,0,1
75897,0,0,1,1,0,1,0
75909,0,0,0,1,0,0,0
75911,0,0,0,1,1,1,1
75941,1,0,0,1,0,0,1
75954,1,0,0,1,1,0,1
75971,0,0,0,1,0,0,0
76150,1,0,0,1,0,0,0
76153,1,0,0,1,0,1,1
76161,1,0,1,1,1,1,1
76194,1,0,0,1,0,1,1
76196,0,0,0,1,0,0,0
76255,0,0,0,1,0,0,0
76273,0,0,0,1,1,0,1
76503,1,0,0,1,0,0,0
76508,0,0,0,1,0,0,0
76542,0,0,0,1,0,0,0
76550,0,0,0,1,0,0,0
76565,0,0,0,1,1,0,1
76611,1,0,0,1,1,1,1
76685,0,0,0,1,1,1,1
76725,0,1,0,1,1,1,1
76737,0,1,0,1,1,0,0
76756,0,0,0,1,0,0,0
76784,0,0,0,1,0,0,0
76786,1,0,1,1,0,1,1
76835,0,0,0,1,0,0,1
76836,1,0,0,1,1,1,1
77025,1,0,0,1,1,1,1
77029,0,0,0,1,0,0,0
77030,1,1,1,1,1,1,1
77069,0,0,0,1,0,0,0
77074,1,0,0,1,1,1,1
77079,0,0,1,1,1,1,1
77081,1,0,0,1,0,0,1
77129,1,0,0,1,0,0,1
77139,0,0,0,1,1,1,1
77146,1,0,0,1,1,0,1
77178,0,0,0,1,0,0,0
77234,1,0,0,1,1,1,1
77340,1,1,0,1,1,1,1
77395,1,0,0,1,1,1,1
77403,1,0,0,1,0,0,1
77421,0,0,0,1,1,1,1
77630,1,0,0,1,1,1,1
77631,0,0,0,1,0,0,0
77635,1,0,0,1,0,1,1
77638,1,0,0,1,1,1,1
77639,0,0,0,1,0,0,0
77644,0,0,1,1,1,1,1
77646,1,0,0,1,1,1,1
77670,1,0,0,1,1,1,1
77673,1,0,0,1,0,1,1
77696,0,0,0,1,0,0,0
77707,0,0,0,1,0,0,0
77719,0,0,0,1,0,0,0
77734,0,0,0,1,0,0,1
77960,1,0,0,1,0,0,1
77965,1,0,0,1,1,1,1
77987,1,0,0,1,1,0,1
78011,1,0,0,1,0,0,0
78015,0,0,0,1,0,0,1
78073,0,0,0,1,0,0,0
78162,0,0,1,1,1,1,1
78193,0,1,1,1,1,1,1
78219,1,0,0,1,1,1,1
78227,0,0,0,1,0,0,0
78228,1,0,0,1,1,1,1
78232,1,0,0,1,1,1,1
78234,1,0,0,1,1,1,1
78235,1,0,0,1,0,0,1
78236,1,0,0,1,0,1,1
78237,1,0,0,1,0,1,1
78243,1,0,0,1,0,0,1
78272,1,0,0,1,1,1,1
78473,0,0,0,1,1,1,1
78474,1,0,0,1,1,1,1
78497,0,0,0,1,1,1,1
78505,0,0,0,1,0,0,1
78508,1,0,0,1,1,1,1
78512,1,0,0,1,0,0,0
78516,1,0,0,1,1,1,1
78517,1,0,0,1,1,1,1
78529,1,0,0,1,0,0,1
78581,0,0,0,1,0,0,1
78586,0,0,0,1,0,0,0
78593,1,0,0,1,1,0,1
78602,0,0,0,1,0,0,0
78605,1,0,0,1,1,1,1
78606,0,0,0,1,0,0,0
78607,0,0,0,1,0,0,0
78609,0,0,0,1,0,0,0
78619,1,0,1,1,1,1,1
78621,0,0,0,1,0,0,0
78706,0,0,0,1,0,0,0
78771,0,0,0,1,0,0,0
78786,0,0,0,1,1,1,1
78804,1,1,1,1,1,1,1
78832,0,0,0,1,0,0,0
78890,1,0,0,1,1,0,1
78909,0,0,0,1,0,0,0
79069,1,0,0,1,1,1,1
79072,0,0,0,1,1,1,1
79106,1,0,0,1,1,1,1
79109,0,0,0,1,0,0,0
79116,1,0,0,1,0,1,1
79127,1,0,0,1,1,1,1
79167,1,0,0,1,0,0,1
79173,0,0,0,1,0,0,0
79198,0,0,0,1,0,0,0
79768,1,0,0,1,1,0,1
79833,0,1,0,1,1,0,1
79864,1,0,0,1,1,1,1
79873,1,1,0,1,1,1,0
79884,1,0,0,1,0,0,1
79898,0,0,0,1,1,1,1
79903,0,0,0,1,1,0,1
79938,1,0,0,1,0,0,1
79939,0,0,0,1,0,0,1
80004,1,0,0,1,1,1,1
80070,0,0,0,1,0,0,0
80141,0,0,1,1,0,0,1
80180,1,1,0,1,1,1,1
80182,0,0,0,1,0,0,0
80187,1,1,0,1,0,0,1
80189,0,0,0,1,1,1,1
80232,0,0,0,1,0,0,1
80249,0,0,0,1,0,0,1
80482,0,0,0,1,0,0,0
80484,0,0,0,1,0,0,0
80492,0,0,0,1,0,0,0
80494,0,0,0,1,0,0,0
80497,1,0,0,1,0,0,0
80502,1,1,1,1,1,1,1
80552,1,0,0,1,1,0,1
80573,1,0,0,1,1,0,1
80592,0,0,0,1,0,0,0
80767,1,1,0,1,1,1,1
80800,0,0,0,1,0,0,0
80802,0,0,0,1,0,0,0
80809,0,0,1,1,1,1,1
80813,1,0,0,1,1,1,1
80815,1,0,0,1,1,1,1
80824,1,0,0,1,1,1,1
80874,0,0,0,1,1,0,1
80880,0,0,0,1,0,0,0
80946,0,0,0,1,0,0,0
80951,1,0,0,1,1,0,1
81112,1,0,0,1,1,1,1
81144,1,0,0,1,0,0,1
81151,1,1,0,1,1,1,1
81175,1,0,0,1,1,1,1
81186,1,0,0,1,1,0,1
81251,1,0,0,1,0,0,0
81378,1,0,0,1,1,1,1
81379,1,1,0,1,1,1,1
81380,1,1,0,1,1,0,1
81426,0,0,0,1,1,0,1
81454,1,0,0,1,1,1,1
81611,0,0,0,1,1,1,1
81660,0,0,0,1,0,0,0
81665,0,0,0,1,0,0,0
81695,1,0,0,1,0,0,0
81713,1,0,0,1,0,0,1
81721,1,0,0,1,0,0,1
81723,0,0,0,1,1,1,1
81878,1,0,0,1,1,1,1
81893,1,1,0,1,1,1,1
81902,1,1,0,1,1,1,1
81931,0,0,0,1,0,1,1
81937,0,0,0,1,0,0,0
81942,1,0,0,1,1,1,1
81983,0,0,0,1,0,0,0
81984,1,0,0,1,1,1,1
81988,0,0,0,1,0,0,0
133835,1,0,1,0,0,1,1
137856,1,0,1,0,0,0,1
137989,1,0,1,0,1,1,1
138387,0,0,1,0,0,0,0
138565,0,0,1,0,0,0,0
141499,0,0,1,0,1,1,1
192676,1,0,1,0,0,1,1
194690,1,0,1,0,0,0,1
194702,0,0,1,0,0,1,0
196165,1,0,1,0,0,1,1
196751,0,0,1,0,0,0,0
196895,0,0,1,0,0,0,0
196991,1,0,1,0,1,1,1
198984,0,1,1,0,0,0,0
200765,1,0,1,0,0,1,1
200768,0,0,1,0,0,0,1
24602,0,0,1,0,0,0,0
253796,0,1,1,0,0,0,0
258369,0,0,1,0,0,0,0
258375,1,0,1,0,1,1,1
30124,0,0,1,0,0,0,0
314381,0,0,1,0,0,0,0
318169,1,1,1,0,0,1,1
321042,1,0,1,0,1,1,1
35802833,0,0,1,0,0,0,0
35802834,0,0,1,0,0,0,0
36110520,0,0,1,0,0,0,0
36203062,0,0,1,0,0,0,0
36211677,0,0,1,0,0,0,0
36503263,0,0,1,0,0,0,0
36718532,0,0,1,0,0,0,0
36903583,0,0,1,0,0,0,0
37003668,0,0,1,0,0,0,0
37119529,0,0,1,0,0,0,0
37522284,0,0,1,0,0,0,0
375527,1,0,1,0,0,0,1
37602358,0,0,1,0,0,0,0
378444,0,0,1,0,0,0,0
4001171,0,0,1,0,0,0,0
4002134,0,0,1,0,0,0,0
4004352,0,0,1,0,0,0,0
4005286,0,0,1,0,0,0,0
4010333,0,0,1,0,0,0,0
4010975,0,0,1,0,0,0,0
4011012,0,0,1,0,0,0,0
4011508,0,0,1,0,0,0,0
4012113,0,0,1,0,0,0,0
4017107,0,0,1,0,0,0,0
4024000,0,0,1,0,0,1,0
4024659,0,1,1,0,0,0,0
4030040,0,0,1,0,0,0,0
4030807,0,0,1,0,0,0,0
4031019,0,1,1,0,0,0,0
4033853,0,0,1,0,0,0,0
4035611,0,1,1,0,0,0,0
40358357,0,1,1,0,0,0,0
4036803,0,0,1,0,0,0,0
4042502,0,1,1,0,0,0,0
40481841,0,0,1,0,0,0,0
4050079,0,0,1,0,0,0,0
4051004,0,0,1,0,0,0,0
4055484,0,0,1,0,0,0,0
4055709,0,0,1,0,0,0,0
4055720,0,0,1,0,0,0,0
4056481,0,0,1,0,0,0,0
4057826,0,0,1,0,0,0,0
4058208,0,0,1,0,0,0,0
4058388,0,0,1,0,0,0,0
4058494,0,0,1,0,0,0,0
4058992,0,0,1,0,0,0,0
4059452,0,0,1,0,0,0,0
4061050,0,0,1,0,0,0,0
4063919,0,0,1,0,0,0,0
4064036,0,0,1,0,0,0,0
4065885,0,0,1,0,0,0,0
4066354,0,0,1,0,0,0,0
4067313,0,0,1,0,0,0,0
4071164,0,1,1,0,0,0,0
4079722,0,0,1,0,0,0,0
4079750,0,1,1,0,0,0,0
4080995,0,0,1,0,0,0,0
4081245,0,0,1,0,0,0,0
4081648,0,0,1,0,0,0,0
4083556,0,0,1,0,0,0,0
4086195,0,0,1,0,0,0,0
4087235,0,0,1,0,0,0,0
4091485,0,0,1,0,0,0,0
4095320,0,0,1,0,0,0,0
4095432,0,0,1,0,0,0,0
4098652,0,0,1,0,0,0,0
4101468,0,0,1,0,0,0,0
4102631,0,0,1,0,0,0,0
4102985,0,0,1,0,0,0,0
4103703,0,1,1,0,0,0,0
4106355,0,0,1,0,0,0,0
4106679,0,0,1,0,0,0,0
4108832,0,1,1,0,0,0,0
4112852,0,0,1,0,0,0,0
4112853,0,0,1,0,0,0,0
4116811,0,0,1,0,0,0,0
4119786,0,0,1,0,0,0,0
4123726,0,0,1,0,0,0,0
4127089,0,0,1,0,0,0,0
4130327,0,0,1,0,0,0,0
4130851,0,0,1,0,0,0,0
4132094,0,0,1,0,0,0,0
4134318,0,0,1,0,0,0,0
4137430,0,0,1,0,0,0,0
4141028,0,0,1,0,0,0,0
4141640,0,0,1,0,0,0,0
4143370,0,0,1,0,0,0,0
4144111,0,0,1,0,0,0,0
4145497,0,0,1,0,0,0,0
4146103,0,0,1,0,0,0,0
4148246,0,0,1,0,0,0,0
4150301,0,0,1,0,0,0,0
4159157,0,0,1,0,0,0,0
4162876,0,0,1,0,0,0,0
4163261,0,1,1,0,0,0,0
4163410,0,0,1,0,0,0,0
4164922,0,0,1,0,0,0,0
4166909,0,0,1,0,0,0,0
4167092,0,0,1,0,0,0,0
4167097,0,0,1,0,0,0,0
4167105,0,0,1,0,0,0,0
4167229,0,0,1,0,0,0,0
4169252,0,0,1,0,0,0,0
4169287,0,1,1,0,0,0,0
4169883,0,0,1,0,0,0,0
4170226,0,0,1,0,0,0,0
4170770,0,0,1,0,0,0,0
4171394,0,0,1,0,0,0,0
4171903,0,0,1,0,0,0,0
4174262,0,0,1,0,0,0,0
4178976,0,0,1,0,0,0,0
4180630,0,0,1,0,0,0,0
4180790,0,0,1,0,0,0,0
4180793,0,1,1,0,0,0,0
4181351,0,0,1,0,0,0,0
4185471,0,0,1,0,1,1,1
4191822,0,0,1,0,0,0,0
4193875,0,0,1,0,0,0,0
4194792,0,0,1,0,0,0,0
4195179,0,0,1,0,0,0,0
4198855,0,0,1,0,0,0,0
4201745,0,1,1,0,0,0,0
4204991,0,0,1,0,0,0,0
4205410,0,0,1,0,0,0,0
4206148,0,0,1,0,0,0,0
4215978,0,1,1,0,0,0,0
4216188,0,0,1,0,0,0,0
4216397,0,0,1,0,0,0,0
4224968,0,0,1,0,0,0,0
4227594,0,1,1,0,0,0,0
4228361,0,0,1,0,0,0,0
4231580,0,0,1,0,0,0,0
4238518,0,0,1,0,0,0,0
4239381,0,0,1,0,0,0,0
4239883,0,1,1,0,0,0,0
4241648,0,0,1,0,0,0,0
4242816,0,0,1,0,0,0,0
4251304,0,0,1,0,0,0,0
4254542,0,0,1,0,0,0,0
4264234,0,0,1,0,0,0,0
4265443,0,0,1,0,0,0,0
4267417,0,0,1,0,0,0,0
4267558,0,0,1,0,0,0,0
4271029,0,0,1,0,0,0,0
4272162,0,1,1,0,0,0,0
4273560,0,0,1,0,0,0,0
4274025,0,1,1,0,0,0,0
4275423,0,1,1,0,0,0,0
4275899,0,0,1,0,0,0,0
4280828,1,0,1,0,0,0,0
4281109,0,0,1,0,0,0,0
4285898,0,0,1,0,0,0,0
4293479,0,0,1,0,0,0,0
4298207,0,0,1,0,0,0,0
4299535,1,1,1,0,1,1,1
4302252,1,0,1,0,1,1,1
4306943,0,0,1,0,0,0,0
4307925,0,0,1,0,0,0,0
4308850,0,0,1,0,0,0,0
4312727,0,0,1,0,0,0,0
4319156,0,0,1,0,0,0,0
4320791,0,0,1,0,0,0,0
432620,0,0,1,0,0,0,0
4328373,0,0,1,0,0,0,0
432904,1,0,1,0,0,0,1
4329041,0,0,1,0,0,0,0
4329445,0,0,1,0,0,0,0
433128,0,0,1,0,0,0,1
433316,1,0,1,0,1,1,1
4333680,0,0,1,0,0,0,0
433403,0,0,1,0,1,0,1
433456,1,0,1,0,1,1,1
4335872,0,0,1,0,0,0,0
433596,1,0,1,0,0,1,1
4336011,0,0,1,0,0,0,0
4338039,0,0,1,0,0,0,0
4339092,0,1,1,0,0,0,0
43531003,0,0,1,0,0,0,0
43531007,0,0,1,0,0,0,0
436070,1,0,1,0,1,1,1
436074,0,0,1,0,0,0,0
437038,1,0,1,0,1,1,1
437611,0,1,1,0,1,1,0
437677,1,0,1,0,0,0,1
439183,1,0,1,0,1,1,1
439418,0,1,1,0,0,0,0
439708,1,0,1,0,0,0,1
439926,1,0,1,0,1,1,1
440216,1,0,1,0,0,1,1
440392,0,0,1,0,0,0,0
441919,0,0,1,0,0,0,0
442099,0,0,1,0,0,0,0
443080,0,0,1,0,0,0,0
443387,0,1,1,0,0,0,0
443390,0,0,1,0,0,0,0
443410,0,0,1,0,0,0,0
443454,1,0,1,0,1,1,1
443611,0,0,1,0,0,0,0
443882,0,0,1,0,0,0,0
444078,0,0,1,0,0,0,0
444413,0,0,1,0,1,0,1
76482,1,0,1,0,1,1,1
77939,0,0,1,0,0,0,0
79113,0,0,1,0,0,0,0
79115,1,0,1,0,0,0,1
79936,1,0,1,0,1,1,1
81303,0,0,1,0,0,0,0
22281,0,0,0,0,1,1,0
22340,1,0,0,0,1,1,1
24075,1,0,0,0,1,1,1
24818,1,0,0,0,1,1,1
24966,1,0,0,0,1,1,1
25518,0,0,0,0,1,1,1
26638,1,0,0,0,1,0,1
26662,1,0,0,0,1,1,1
26942,0,0,0,0,1,0,0
28385,1,0,0,0,1,1,1
28974,1,0,0,0,1,1,1
72266,1,0,0,0,1,0,1
72693,1,0,0,0,1,1,1
72714,0,0,0,0,1,0,1
72737,1,0,0,0,1,1,1
72778,0,0,0,0,1,0,1
72986,1,0,0,0,1,1,1
74104,1,0,0,0,1,1,1
74513,0,0,0,0,1,1,1
74892,0,0,0,0,1,0,1
75004,1,0,0,0,1,1,1
75015,0,0,0,0,1,1,0
75051,1,0,0,0,1,1,1
75389,1,0,0,0,1,1,1
76506,1,0,0,0,1,1,1
76545,1,0,0,0,1,0,1
76887,1,0,0,0,1,1,1
77066,0,0,0,0,1,0,1
77072,1,0,0,0,1,1,1
77335,1,0,0,0,1,1,1
77338,0,0,0,0,1,1,1
77354,1,0,0,0,1,1,1
77642,1,0,0,0,1,1,1
77968,1,0,0,0,1,1,1
78097,1,0,0,0,1,1,1
78472,1,0,0,0,1,1,1
78831,1,0,0,0,1,1,1
79061,1,0,0,0,1,0,0
79740,0,0,0,0,1,0,0
79908,1,0,0,0,1,1,1
80186,1,0,0,0,1,0,1
80225,0,0,0,0,1,0,1
80242,0,0,0,0,1,1,1
80593,1,0,0,0,1,1,1
80778,0,0,0,0,1,0,0
80816,1,0,0,0,1,1,1
81250,0,0,0,0,1,1,1
81357,0,0,0,0,1,0,1
132397,1,0,0,0,1,1,1
132408,1,0,0,0,1,1,1
132736,1,0,0,0,1,1,1
132740,1,0,0,0,1,0,1
132932,1,0,0,0,1,1,1
133002,0,0,0,0,1,0,1
133711,1,0,0,0,1,1,1
133810,1,0,0,0,1,1,1
133853,1,0,0,0,1,0,1
134304,0,0,0,0,1,1,1
134305,0,0,0,0,1,0,1
134442,1,0,0,0,1,0,1
134460,1,0,0,0,1,1,1
134461,1,1,0,0,1,1,1
134718,1,1,0,0,1,1,1
134765,1,0,0,0,1,1,1
135030,1,0,0,0,1,1,1
135178,0,0,0,0,1,0,1
135350,0,0,0,0,1,0,1
135360,1,0,0,0,1,1,1
135888,1,0,0,0,1,0,1
136025,0,0,0,0,1,0,1
136580,1,0,0,0,1,1,1
136755,1,0,0,0,1,1,1
136934,1,0,0,0,1,1,1
137488,0,0,0,0,1,1,1
137682,0,0,0,0,1,1,1
137829,1,0,0,0,1,1,1
137940,1,0,0,0,1,1,1
137945,1,0,0,0,1,1,1
138339,0,0,0,0,1,0,1
138340,0,0,0,0,1,0,1
138379,0,0,0,0,1,0,1
138667,0,0,0,0,1,1,1
138676,0,0,0,0,1,1,1
138813,1,0,0,0,1,1,1
138994,1,0,0,0,1,1,1
139750,1,0,0,0,1,0,1
139888,1,0,0,0,1,1,1
140486,0,0,0,0,1,1,0
141038,1,0,0,0,1,1,1
141213,0,0,0,0,1,0,0
141232,1,0,0,0,1,1,1
141693,1,0,0,0,1,1,1
142026,1,0,0,0,1,1,1
192261,0,0,0,0,1,0,0
192278,1,0,0,0,1,1,1
192360,1,0,0,0,1,1,1
192384,1,0,0,0,1,1,1
192568,1,0,0,0,1,1,1
192680,1,0,0,0,1,1,1
192978,1,0,0,0,1,1,1
193251,1,0,0,0,1,1,1
193402,0,0,0,0,1,0,0
193539,1,0,0,0,1,0,1
193688,0,0,0,0,1,1,1
193782,1,0,0,0,1,1,1
193787,0,0,0,0,1,0,0
193809,1,0,0,0,1,1,1
193830,1,0,0,0,1,1,1
194395,0,0,0,0,1,0,0
194411,0,0,0,0,1,1,1
194428,0,0,0,0,1,0,0
194429,0,0,0,0,1,0,0
194574,0,0,0,0,1,1,1
194992,0,0,0,0,1,1,1
194995,1,0,0,0,1,0,1
195581,0,0,0,0,1,1,1
195770,1,0,0,0,1,1,1
195834,1,0,0,0,1,1,1
195847,1,0,0,0,1,1,1
195878,0,0,0,0,1,0,1
196181,0,0,0,0,1,1,0
196236,1,0,0,0,1,1,1
196341,1,0,0,0,1,1,1
196360,1,0,0,0,1,1,1
196431,0,0,0,0,1,0,0
196456,0,0,0,0,1,1,1
196488,1,0,0,0,1,1,1
196625,0,0,0,0,1,0,0
196762,0,0,0,0,1,1,1
196821,1,1,0,0,1,1,0
196925,1,0,0,0,1,1,1
197036,0,0,0,0,1,0,1
197050,0,0,0,0,1,1,0
197444,0,0,0,0,1,1,1
197494,0,0,0,0,1,1,1
197675,1,1,0,0,1,0,1
197795,0,0,0,0,1,1,1
197921,0,0,0,0,1,0,1
197928,0,0,0,0,1,1,1
197938,0,0,0,0,1,1,0
198124,1,0,0,0,1,1,1
198189,1,0,0,0,1,1,1
198363,1,0,0,0,1,1,1
198402,1,0,0,0,1,0,0
198464,1,0,0,0,1,1,1
198492,1,0,0,0,1,1,1
198558,1,0,0,0,1,1,1
198571,1,0,0,0,1,1,1
198700,1,0,0,0,1,1,1
198802,1,0,0,0,1,1,1
198860,0,0,0,0,1,0,1
198995,1,0,0,0,1,1,1
199063,0,0,0,0,1,0,0
199065,1,0,0,0,1,0,1
199754,1,0,0,0,1,1,1
199837,1,0,0,0,1,1,1
199875,0,0,0,0,1,0,1
199913,1,0,0,0,1,1,1
199991,1,0,0,0,1,1,1
200160,1,0,0,0,1,1,1
200391,1,0,0,0,1,0,1
200450,1,0,0,0,1,0,1
200483,1,0,0,0,1,1,1
200616,1,0,0,0,1,1,1
200618,0,0,0,0,1,0,1
200680,0,0,0,0,1,0,0
200687,1,0,0,0,1,0,1
200764,0,0,0,0,1,1,1
200783,1,0,0,0,1,1,1
200843,1,0,0,0,1,1,1
200845,1,0,0,0,1,1,1
201061,1,1,0,0,1,1,1
201083,1,0,0,0,1,0,1
201131,1,0,0,0,1,1,1
201240,1,0,0,0,1,0,1
201313,0,0,0,0,1,1,1
201338,0,0,0,0,1,0,1
201519,0,0,0,0,1,1,1
201627,1,0,0,0,1,1,1
201894,0,0,0,0,1,1,1
201899,1,0,0,0,1,0,1
201927,1,0,0,0,1,1,1
252351,1,0,0,0,1,0,1
252663,0,0,0,0,1,1,1
252942,1,0,0,0,1,0,1
253790,0,0,0,0,1,0,0
254591,0,0,0,0,1,1,1
254662,1,0,0,0,1,1,1
254676,1,0,0,0,1,1,0
256440,1,0,0,0,1,1,1
256622,0,0,0,0,1,0,0
256716,1,0,0,0,1,0,1
256717,1,0,0,0,1,0,1
258785,1,0,0,0,1,0,1
258866,1,0,0,0,1,0,1
259852,1,0,0,0,1,0,1
261880,0,0,0,0,1,1,1
261881,1,0,0,0,1,1,1
312922,1,0,0,0,1,1,1
313224,1,0,0,0,1,0,1
313459,1,1,0,0,1,1,1
313928,1,0,0,0,1,1,0
313989,0,0,0,0,1,0,0
314059,1,0,0,0,1,1,1
314103,0,0,0,0,1,0,1
314379,1,0,0,0,1,1,1
314963,0,0,0,0,1,0,0
314965,1,0,0,0,1,1,1
315558,1,0,0,0,1,1,1
315564,1,0,0,0,1,1,1
315833,1,0,0,0,1,0,1
315922,0,0,0,0,1,0,1
316376,1,0,0,0,1,0,1
316478,0,0,0,0,1,0,0
316998,1,0,0,0,1,1,1
317003,1,0,0,0,1,1,1
317109,1,0,0,0,1,0,1
317305,1,0,0,0,1,1,1
317585,1,1,0,0,1,1,1
318448,1,0,0,0,1,1,1
318459,1,0,0,0,1,1,1
318712,0,0,0,0,1,0,1
318772,1,0,0,0,1,1,1
318775,1,0,0,0,1,1,1
319845,1,0,0,0,1,0,1
320073,0,0,0,0,1,1,1
320115,0,0,0,0,1,1,1
320116,0,0,0,0,1,0,1
320299,1,0,0,0,1,0,1
320536,1,0,0,0,1,1,1
320744,0,0,0,0,1,1,1
320746,0,0,0,0,1,1,1
320835,0,0,0,0,1,0,0
321314,1,0,0,0,1,1,1
321462,1,0,0,0,1,1,1
321483,1,0,0,0,1,1,1
321596,1,0,0,0,1,1,1
321683,0,0,0,0,1,0,0
372634,1,0,0,0,1,1,1
372651,1,0,0,0,1,0,1
372721,1,0,0,0,1,0,1
372849,0,0,0,0,1,0,0
372906,0,0,0,0,1,0,1
373087,1,0,0,0,1,0,1
373182,0,0,0,0,1,0,1
373189,1,0,0,0,1,0,1
373474,1,0,0,0,1,1,1
373748,0,0,0,0,1,0,1
373852,1,0,0,0,1,1,1
373995,1,1,0,0,1,1,1
373999,1,0,0,0,1,0,1
374024,0,0,0,0,1,0,1
374338,0,0,0,0,1,0,0
374835,1,0,0,0,1,0,0
375504,1,0,0,0,1,0,1
375529,1,0,0,0,1,1,1
375801,1,0,0,0,1,0,1
376063,1,0,0,0,1,1,1
376401,0,0,0,0,1,0,0
376647,1,0,0,0,1,1,1
376690,1,0,0,0,1,1,1
377001,1,0,0,0,1,1,1
377085,1,0,0,0,1,0,1
377254,0,0,0,0,1,1,1
377279,0,0,0,0,1,1,1
377286,0,0,0,0,1,1,1
377290,1,0,0,0,1,0,0
377550,1,0,0,0,1,1,1
377551,0,0,0,0,1,0,0
377821,1,0,0,0,1,1,1
377830,0,0,0,0,1,0,1
377845,1,0,0,0,1,0,1
378087,1,0,0,0,1,1,1
378417,0,0,0,0,1,0,0
378745,1,0,0,0,1,0,1
380055,1,0,0,0,1,1,1
380103,0,0,0,0,1,0,1
380394,1,0,0,0,1,1,1
381036,0,0,0,0,1,1,1
432295,0,0,0,0,1,1,1
432303,0,0,0,0,1,1,1
432308,1,0,0,0,1,1,1
432352,1,0,0,0,1,0,1
432447,0,0,0,0,1,1,1
432453,1,0,0,0,1,1,1
432508,1,0,0,0,1,0,1
432517,1,0,0,0,1,1,1
432526,1,0,0,0,1,1,1
432571,0,0,0,0,1,1,1
432588,1,0,0,0,1,0,1
432672,0,0,0,0,1,0,0
432695,1,0,0,0,1,1,1
432741,1,0,0,0,1,1,1
432789,1,0,0,0,1,1,1
432798,1,0,0,0,1,0,1
432800,1,0,0,0,1,0,1
432807,1,0,0,0,1,1,1
432851,1,0,0,0,1,1,1
432863,1,0,0,0,1,0,1
432881,1,0,0,0,1,1,1
432975,0,0,0,0,1,0,1
433031,1,0,0,0,1,1,1
433125,0,0,0,0,1,1,1
433260,1,0,0,0,1,1,1
433274,1,0,0,0,1,1,1
433390,1,0,0,0,1,1,1
433400,0,0,0,0,1,1,0
433405,0,0,0,0,1,0,1
433533,1,0,0,0,1,0,1
433577,1,0,0,0,1,1,1
433599,1,0,0,0,1,1,1
433656,1,0,0,0,1,1,1
433740,1,0,0,0,1,0,1
433813,0,0,0,0,1,1,1
433822,1,0,0,0,1,1,1
433934,0,0,0,0,1,1,1
433942,1,0,0,0,1,1,1
433994,1,0,0,0,1,1,0
434004,1,0,0,0,1,0,1
434016,1,0,0,0,1,0,0
434019,1,0,0,0,1,0,0
434097,1,0,0,0,1,1,1
434110,1,0,0,0,1,1,0
434169,1,0,0,0,1,1,1
434170,1,0,0,0,1,1,1
434173,1,0,0,0,1,0,1
434293,0,0,0,0,1,0,0
434298,1,0,0,0,1,0,1
434327,0,0,0,0,1,1,1
434547,1,0,0,0,1,1,1
434615,0,0,0,0,1,0,1
434626,1,0,0,0,1,1,1
434628,0,0,0,0,1,0,0
434657,1,0,0,0,1,1,1
434675,1,0,0,0,1,1,1
434689,0,0,0,0,1,0,0
434744,0,0,0,0,1,0,0
434750,1,0,0,0,1,0,1
434821,1,0,0,0,1,1,1
434822,1,0,0,0,1,1,1
434872,0,1,0,0,1,1,1
434894,1,0,0,0,1,1,1
434902,0,0,0,0,1,1,1
435018,1,0,0,0,1,1,1
435023,1,0,0,0,1,1,1
435088,0,0,0,0,1,0,0
435119,1,0,0,0,1,1,1
435171,1,0,0,0,1,1,1
435220,1,0,0,0,1,1,1
435224,0,0,0,0,1,1,1
435226,0,0,0,0,1,0,1
435237,0,0,0,0,1,0,0
435369,0,0,0,0,1,0,0
435372,1,0,0,0,1,1,1
435452,1,0,0,0,1,1,1
435459,0,0,0,0,1,1,1
435510,1,0,0,0,1,1,1
435511,1,0,0,0,1,1,1
435517,1,0,0,0,1,1,1
435524,1,0,0,0,1,1,1
435534,1,0,0,0,1,1,1
435535,0,0,0,0,1,0,0
435604,1,0,0,0,1,1,1
435642,1,0,0,0,1,1,1
435646,0,0,0,0,1,0,1
435726,1,0,0,0,1,1,1
435788,1,0,0,0,1,1,1
435796,1,1,0,0,1,1,1
435799,0,0,0,0,1,0,0
435839,1,0,0,0,1,1,1
435928,1,0,0,0,1,1,1
435991,1,0,0,0,1,1,1
435997,1,0,0,0,1,1,1
436003,1,0,0,0,1,1,1
436007,0,0,0,0,1,1,1
436076,1,0,0,0,1,0,1
436078,0,0,0,0,1,1,1
436093,1,0,0,0,1,1,1
436096,1,0,0,0,1,1,1
436097,1,0,0,0,1,0,0
436098,1,0,0,0,1,1,0
436176,0,0,0,0,1,1,1
436222,1,0,0,0,1,1,1
436230,1,0,0,0,1,1,1
436238,1,0,0,0,1,1,1
436289,0,1,0,0,1,0,1
436299,1,0,0,0,1,0,1
436314,1,0,0,0,1,1,1
436320,1,0,0,0,1,1,1
436339,0,0,0,0,1,1,1
436353,1,0,0,0,1,1,1
436370,0,0,0,0,1,1,1
436398,0,0,0,0,1,0,0
436583,1,0,0,0,1,1,1
436587,1,0,0,0,1,0,1
436651,0,0,0,0,1,1,1
436730,1,0,0,0,1,1,1
436747,0,0,0,0,1,1,0
436882,1,0,0,0,1,1,1
436919,1,0,0,0,1,1,1
436954,0,1,0,0,1,1,1
436962,1,0,0,0,1,1,1
437041,1,0,0,0,1,1,1
437046,1,0,0,0,1,1,1
437098,0,0,0,0,1,0,0
437113,1,1,0,0,1,1,1
437165,1,0,0,0,1,1,1
437175,1,0,0,0,1,1,1
437187,1,0,0,0,1,0,1
437191,1,0,0,0,1,0,1
437233,0,0,0,0,1,1,1
437251,1,0,0,0,1,1,1
437257,1,0,0,0,1,0,1
437261,0,0,0,0,1,0,0
437334,0,0,0,0,1,1,1
437390,1,0,0,0,1,1,1
437449,0,0,0,0,1,0,0
437478,1,0,0,0,1,1,1
437483,1,0,0,0,1,1,1
437525,1,0,0,0,1,1,1
437614,0,0,0,0,1,1,0
437663,1,1,0,0,1,1,1
437671,1,0,0,0,1,0,0
437832,0,0,0,0,1,0,1
437891,0,0,0,0,1,1,1
437894,1,0,0,0,1,1,1
437899,0,0,0,0,1,1,1
437936,1,0,0,0,1,1,1
437986,1,0,0,0,1,1,1
437995,0,0,0,0,1,0,0
438040,1,0,0,0,1,0,1
438064,0,0,0,0,1,1,1
438066,0,0,0,0,1,1,1
438120,0,0,0,0,1,1,1
438129,1,0,0,0,1,0,1
438130,0,0,0,0,1,1,1
438168,0,0,0,0,1,0,1
438170,1,0,0,0,1,1,1
438297,1,0,0,0,1,0,1
438303,1,0,0,0,1,1,1
438332,1,0,0,0,1,1,1
438350,0,0,0,0,1,0,0
438398,0,0,0,0,1,1,1
438406,1,0,0,0,1,1,1
438438,1,0,0,0,1,0,1
438490,1,0,0,0,1,1,1
438557,1,0,0,0,1,1,1
438567,1,0,0,0,1,1,1
438688,1,1,0,0,1,1,1
438725,1,0,0,0,1,1,1
438730,1,0,0,0,1,1,1
438788,1,0,0,0,1,0,1
438791,1,0,0,0,1,0,1
438867,1,1,0,0,1,1,1
438878,1,0,0,0,1,1,1
438931,1,0,0,0,1,0,1
439004,0,0,0,0,1,0,0
439005,1,0,0,0,1,1,1
439092,0,0,0,0,1,0,0
439125,0,0,0,0,1,0,1
439141,1,0,0,0,1,1,1
439147,1,0,0,0,1,1,1
439222,1,0,0,0,1,1,1
439237,1,0,0,0,1,1,1
439314,1,0,0,0,1,0,1
439328,0,0,0,0,1,0,0
439459,1,0,0,0,1,0,1
439481,1,0,0,0,1,0,0
439653,0,0,0,0,1,0,1
439654,1,0,0,0,1,0,1
439658,1,1,0,0,1,1,1
439727,0,0,0,0,1,1,1
439751,1,0,0,0,1,1,1
439770,1,0,0,0,1,0,1
439796,1,0,0,0,1,1,0
439846,1,0,0,0,1,1,1
439893,1,0,0,0,1,1,1
439894,1,0,0,0,1,1,1
439928,1,0,0,0,1,1,1
439934,0,0,0,0,1,0,0
439976,1,0,0,0,1,0,1
439987,1,0,0,0,1,0,1
440012,1,0,0,0,1,0,1
440032,0,0,0,0,1,0,1
440069,1,0,0,0,1,1,1
440213,1,0,0,0,1,0,1
440279,1,0,0,0,1,1,1
440288,1,0,0,0,1,1,1
440320,0,0,0,0,1,0,1
440372,1,0,0,0,1,1,1
440377,1,0,0,0,1,0,1
440382,1,0,0,0,1,0,1
440385,1,0,0,0,1,1,1
440409,0,0,0,0,1,0,0
440424,1,0,0,0,1,1,1
440454,0,0,0,0,1,0,0
440465,1,0,0,0,1,1,1
440638,0,1,0,0,1,1,0
440649,0,0,0,0,1,0,1
440689,0,0,0,0,1,0,1
440693,1,0,0,0,1,1,1
440704,1,0,0,0,1,1,1
440710,0,0,0,0,1,0,0
440735,0,0,0,0,1,0,0
440786,0,0,0,0,1,0,0
440794,1,0,0,0,1,1,0
440846,1,0,0,0,1,1,1
440847,1,0,0,0,1,0,1
440891,1,0,0,0,1,0,0
440922,1,0,0,0,1,1,1
440925,1,0,0,0,1,0,1
440927,1,0,0,0,1,1,1
440940,0,0,0,0,1,1,1
440988,1,0,0,0,1,0,0
441039,0,0,0,0,1,0,1
441073,1,0,0,0,1,1,0
441085,1,0,0,0,1,1,1
441092,1,0,0,0,1,1,1
441192,1,0,0,0,1,1,1
441194,1,0,0,0,1,1,1
441202,0,0,0,0,1,0,1
441207,1,1,0,0,1,1,1
441258,1,0,0,0,1,1,1
441260,0,0,0,0,1,1,1
441264,1,0,0,0,1,0,1
441274,1,0,0,0,1,0,1
441276,1,0,0,0,1,1,1
441351,1,0,0,0,1,1,1
441407,0,0,0,0,1,1,1
441417,1,0,0,0,1,1,1
441447,0,0,0,0,1,0,0
441482,1,0,0,0,1,1,1
441532,1,0,0,0,1,1,1
441542,1,0,0,0,1,1,1
441547,1,0,0,0,1,1,1
441641,1,1,0,0,1,1,1
441788,1,0,0,0,1,1,1
441829,0,0,0,0,1,1,1
441918,1,0,0,0,1,0,1
441969,1,0,0,0,1,1,1
442011,0,0,0,0,1,0,1
442023,1,0,0,0,1,0,1
442067,1,0,0,0,1,1,1
442139,1,0,0,0,1,1,1
442173,1,0,0,0,1,0,1
442181,0,0,0,0,1,1,1
442240,1,0,0,0,1,0,1
442270,1,0,0,0,1,1,1
442286,1,0,0,0,1,1,0
442310,1,1,0,0,1,1,1
442444,1,0,0,0,1,1,1
442588,1,0,0,0,1,1,1
442615,1,0,0,0,1,1,1
442774,1,1,0,0,1,1,1
442846,1,0,0,0,1,1,1
442862,0,0,0,0,1,0,1
442920,1,0,0,0,1,1,1
442926,1,0,0,0,1,1,1
443012,1,0,0,0,1,0,1
443228,0,0,0,0,1,0,0
443257,1,1,0,0,1,1,1
443269,1,0,0,0,1,1,1
443344,1,0,0,0,1,1,1
443350,1,0,0,0,1,1,1
443360,1,0,0,0,1,1,1
443392,1,1,0,0,1,0,1
443414,1,0,0,0,1,1,1
443447,1,0,0,0,1,1,1
443452,0,0,0,0,1,1,1
443535,0,0,0,0,1,1,1
443537,1,1,0,0,1,1,1
443570,1,0,0,0,1,1,1
443580,0,0,0,0,1,1,1
443582,0,0,0,0,1,0,1
443587,0,0,0,0,1,1,1
443597,1,0,0,0,1,1,1
443622,1,0,0,0,1,1,1
443723,1,0,0,0,1,0,1
443728,1,0,0,0,1,1,1
443753,0,0,0,0,1,1,1
443782,1,0,0,0,1,1,1
443783,1,0,0,0,1,1,1
443862,0,0,0,0,1,1,1
443949,1,0,0,0,1,1,1
444031,1,1,0,0,1,1,1
444038,1,0,0,0,1,1,1
444082,0,0,0,0,1,0,1
444101,1,0,0,0,1,0,1
444200,1,0,0,0,1,1,1
444211,1,0,0,0,1,1,1
444239,1,0,0,0,1,1,1
444291,1,0,0,0,1,0,1
444391,1,0,0,0,1,1,1
444404,0,0,0,0,1,0,1
4001998,0,0,0,0,1,0,0
4005743,1,1,0,0,1,0,0
4005823,1,0,0,0,1,1,1
4014295,1,0,0,0,1,1,1
4014296,1,0,0,0,1,1,1
4014454,0,0,0,0,1,0,1
4016352,1,0,0,0,1,0,0
4016359,1,0,0,0,1,1,1
4021807,1,0,0,0,1,0,0
4022073,1,0,0,0,1,1,0
4023168,1,0,0,0,1,0,0
4026029,1,0,0,0,1,1,1
4026149,0,0,0,0,1,0,0
4028253,0,0,0,0,1,1,1
4029488,1,0,0,0,1,1,1
4030270,1,0,0,0,1,1,1
4030415,0,0,0,0,1,0,0
4031190,1,0,0,0,1,0,1
4034214,1,0,0,0,1,0,0
4048191,0,0,0,0,1,0,1
4048727,1,0,0,0,1,1,1
4050572,1,0,0,0,1,1,1
4051114,1,0,0,0,1,1,1
4052931,0,0,0,0,1,0,0
4053045,1,0,0,0,1,1,1
4053599,0,0,0,0,1,0,1
4053600,1,0,0,0,1,0,1
4056770,0,0,0,0,1,0,0
4057825,0,0,0,0,1,0,1
4059014,1,0,0,0,1,1,1
4060084,1,0,0,0,1,1,1
4060318,1,0,0,0,1,1,1
4060985,1,0,0,0,1,1,1
4062484,1,0,0,0,1,1,1
4062488,1,0,0,0,1,1,1
4062636,1,0,0,0,1,0,1
4062637,1,0,0,0,1,1,1
4064905,1,0,0,0,1,1,1
4064918,1,0,0,0,1,1,1
4065363,0,0,0,0,1,0,0
4066163,0,0,0,0,1,1,1
4079876,1,0,0,0,1,1,1
4081759,1,0,0,0,1,0,1
4086918,1,0,0,0,1,1,1
4086928,1,0,0,0,1,1,1
4088920,1,0,0,0,1,1,1
4088930,1,0,0,0,1,1,1
4090550,1,0,0,0,1,1,1
4090651,1,0,0,0,1,1,1
4091490,0,0,0,0,1,0,0
4092879,1,0,0,0,1,1,1
4092896,1,0,0,0,1,1,1
4093344,1,0,0,0,1,1,1
4094126,1,0,0,0,1,1,0
4094410,0,0,0,0,1,0,0
4094448,1,0,0,0,1,1,1
4094876,1,0,0,0,1,0,1
4096215,0,0,0,0,1,1,1
4100515,0,0,0,0,1,1,1
4101199,0,0,0,0,1,0,0
4101431,0,0,0,0,1,0,0
4101660,1,0,0,0,1,0,1
4102166,0,0,0,0,1,1,0
4103471,1,0,0,0,1,1,1
4104555,0,0,0,0,1,0,0
4104864,1,0,0,0,1,0,0
4105880,1,0,0,0,1,1,1
4107655,1,0,0,0,1,1,0
4109544,1,0,0,0,1,1,1
4109880,0,0,0,0,1,0,1
4110052,0,0,0,0,1,0,1
4112525,0,0,0,0,1,0,0
4112831,0,0,0,0,1,0,0
4113680,0,0,0,0,1,0,0
4113782,0,0,0,0,1,0,0
4115370,0,0,0,0,1,0,1
4117578,0,0,0,0,1,0,1
4133029,1,0,0,0,1,1,1
4138253,1,0,0,0,1,1,1
4139420,1,0,0,0,1,1,1
4141622,1,0,0,0,1,0,0
4143915,1,0,0,0,1,1,1
4144274,1,0,0,0,1,1,1
4146976,1,0,0,0,1,1,1
4147034,0,0,0,0,1,0,0
4147164,1,0,0,0,1,0,1
4147466,1,0,0,0,1,0,1
4147837,0,0,0,0,1,0,1
4147961,1,0,0,0,1,1,1
4148076,1,0,0,0,1,0,1
4149353,0,0,0,0,1,1,1
4151250,1,0,0,0,1,1,1
4152045,0,0,0,0,1,0,0
4152047,1,0,0,0,1,1,1
4154309,1,0,0,0,1,1,1
4158567,1,0,0,0,1,1,1
4159147,1,0,0,0,1,0,1
4161977,1,1,0,0,1,1,1
4161978,1,0,0,0,1,1,1
4164707,1,0,0,0,1,1,1
4167406,0,0,0,0,1,0,0
4168213,1,1,0,0,1,1,1
4169641,0,0,0,0,1,0,0
4171556,1,0,0,0,1,1,1
4173498,1,0,0,0,1,1,1
4175226,1,0,0,0,1,1,1
4175807,0,0,0,0,1,1,1
4176874,0,0,0,0,1,0,1
4179214,1,0,0,0,1,1,1
4179332,1,0,0,0,1,1,1
4179963,1,0,0,0,1,1,1
4181480,1,0,0,0,1,0,1
4181604,1,0,0,0,1,0,0
4185302,1,0,0,0,1,1,1
4192786,1,0,0,0,1,1,1
4194895,1,0,0,0,1,1,1
4196362,1,0,0,0,1,1,1
4196960,1,0,0,0,1,1,1
4199550,0,0,0,0,1,0,0
4201387,1,0,0,0,1,1,1
4201388,1,0,0,0,1,1,1
4201390,1,0,0,0,1,1,1
4204904,1,0,0,0,1,1,0
4204966,1,0,0,0,1,0,0
4210151,1,0,0,0,1,1,0
4216894,1,0,0,0,1,0,0
4228475,0,0,0,0,1,0,0
4230642,1,0,0,0,1,1,1
4230975,1,0,0,0,1,1,1
4234604,0,0,0,0,1,0,0
4239301,1,1,0,0,1,1,0
4239721,1,0,0,0,1,1,0
4245252,1,0,0,0,1,1,1
4249549,1,0,0,0,1,1,0
4251171,1,0,0,0,1,1,0
4252735,1,0,0,0,1,0,0
4256640,1,0,0,0,1,1,1
4261613,1,0,0,0,1,1,1
4263370,1,0,0,0,1,1,1
4272867,1,0,0,0,1,0,1
4273391,1,0,0,0,1,1,1
4287544,0,0,0,0,1,1,1
4292726,1,0,0,0,1,1,1
4298697,1,0,0,0,1,1,1
4298854,1,0,0,0,1,1,1
4305589,1,0,0,0,1,1,0
4308509,1,0,0,0,1,1,1
4308543,1,0,0,0,1,0,0
4310768,1,0,0,0,1,1,1
4315363,1,0,0,0,1,1,1
4318408,1,0,0,0,1,1,1
4319325,1,0,0,0,1,1,1
4329847,1,0,0,0,1,0,0
4334644,1,0,0,0,1,1,1
4343213,1,0,0,0,1,0,1
4345578,1,0,0,0,1,1,1
40421751,1,0,0,0,1,0,1
40479192,1,0,0,0,1,1,1
40479583,1,0,0,0,1,1,1
40480002,1,0,0,0,1,1,1
40491340,0,0,0,0,1,0,1
132583,1,0,0,0,0,1,1
134976,0,0,0,0,0,1,0
136237,1,0,0,0,0,1,1
137005,0,0,0,0,0,1,1
139036,1,0,0,0,0,1,1
140602,1,0,0,0,0,1,1
140842,1,0,0,0,0,1,0
141758,1,0,0,0,0,1,1
192273,0,0,0,0,0,1,1
192286,1,0,0,0,0,1,1
192372,1,0,0,0,0,1,1
192376,1,0,0,0,0,1,1
192385,1,0,0,0,0,1,1
192675,1,0,0,0,0,1,1
192683,0,1,0,0,0,1,1
193666,1,0,0,0,0,1,1
194079,1,0,0,0,0,1,1
195771,0,0,0,0,0,1,1
195926,1,0,0,0,0,1,1
196160,1,0,0,0,0,1,1
196433,0,0,0,0,0,1,0
196454,1,0,0,0,0,1,1
196455,1,0,0,0,0,1,0
197230,1,0,0,0,0,1,0
197328,1,0,0,0,0,1,0
199744,1,0,0,0,0,1,1
200485,1,0,0,0,0,1,1
200757,1,0,0,0,0,1,1
200762,0,0,0,0,0,1,0
200773,0,0,0,0,0,1,0
201625,0,0,0,0,0,1,0
201688,1,0,0,0,0,1,1
201900,1,0,0,0,0,1,1
201907,1,0,0,0,0,1,1
257683,1,0,0,0,0,1,1
259055,1,0,0,0,0,1,1
260131,1,0,0,0,0,1,1
27587,1,0,0,0,0,1,1
312940,1,0,0,0,0,1,1
314968,1,0,0,0,0,1,1
316135,0,0,0,0,0,1,1
318397,1,0,0,0,0,1,1
321107,1,0,0,0,0,1,1
321109,0,0,0,0,0,1,1
374639,0,0,0,0,0,1,0
375550,0,0,0,0,0,1,0
4012570,1,0,0,0,0,1,1
4024361,0,0,0,0,0,1,1
4028716,1,0,0,0,0,1,1
40490888,1,0,0,0,0,1,1
4049623,1,0,0,0,0,1,1
4051564,1,0,0,0,0,1,0
4057682,1,0,0,0,0,1,1
4064989,1,0,0,0,0,1,1
4077577,1,0,0,0,0,1,1
4084229,1,0,0,0,0,1,1
4102739,1,0,0,0,0,1,1
4103642,1,0,0,0,0,1,0
4110815,1,0,0,0,0,1,1
4112816,1,0,0,0,0,1,0
4114314,1,0,0,0,0,1,1
4115173,1,0,0,0,0,1,1
4115379,1,0,0,0,0,1,1
4122116,1,0,0,0,0,1,1
4126282,0,0,0,0,0,1,0
4147497,1,0,0,0,0,1,0
4148407,1,0,0,0,0,1,1
4163175,1,0,0,0,0,1,0
4166231,1,0,0,0,0,1,0
4166776,1,0,0,0,0,1,1
4168318,0,0,0,0,0,1,0
4169009,1,0,0,0,0,1,1
4170747,0,0,0,0,0,1,1
4171430,1,0,0,0,0,1,1
4171594,1,0,0,0,0,1,1
4188027,1,0,0,0,0,1,1
4194160,1,0,0,0,0,1,1
4201717,1,0,0,0,0,1,1
4208970,1,0,0,0,0,1,0
4210149,1,0,0,0,0,1,0
4240902,0,0,0,0,0,1,0
4269584,0,0,0,0,0,1,0
4295261,1,0,0,0,0,1,1
4311159,1,0,0,0,0,1,1
432661,0,0,0,0,0,1,1
4326681,1,0,0,0,0,1,1
433032,0,0,0,0,0,1,1
433659,1,0,0,0,0,1,1
433752,0,0,0,0,0,1,1
434085,0,0,0,0,0,1,0
434490,1,1,0,0,0,1,1
434887,1,0,0,0,0,1,1
434961,0,0,0,0,0,1,0
435081,1,0,0,0,0,1,1
435723,1,0,0,0,0,1,1
436072,1,0,0,0,0,1,1
436246,1,1,0,0,0,1,1
436298,1,0,0,0,0,1,1
436940,1,0,0,0,0,1,1
437176,1,0,0,0,0,1,0
437221,0,0,0,0,0,1,0
437382,1,1,0,0,0,1,1
437688,1,0,0,0,0,1,1
437942,0,0,0,0,0,1,1
437992,1,0,0,0,0,1,1
438220,1,0,0,0,0,1,1
438731,1,0,0,0,0,1,1
438905,1,0,0,0,0,1,1
439002,0,0,0,0,0,1,1
439224,1,1,0,0,0,1,1
439294,0,0,0,0,0,1,1
439406,1,0,0,0,0,1,1
439795,1,0,0,0,0,1,1
440072,0,0,0,0,0,1,1
440387,0,0,0,0,0,1,1
440529,1,0,0,0,0,1,1
440535,1,0,0,0,0,1,1
440979,0,0,0,0,0,1,0
440985,1,0,0,0,0,1,1
442116,0,0,0,0,0,1,0
442287,0,0,0,0,0,1,1
442790,0,0,0,0,0,1,0
443430,1,0,0,0,0,1,1
443524,1,1,0,0,0,1,1
443586,1,0,0,0,0,1,0
443698,0,0,0,0,0,1,0
443801,1,0,0,0,0,1,1
444093,1,0,0,0,0,1,0
73754,1,1,0,0,0,1,1
75044,1,0,0,0,0,1,1
75128,1,0,0,0,0,1,1
75580,0,0,0,0,0,1,1
76472,0,0,0,0,0,1,0
76939,0,0,0,0,0,1,1
77963,1,0,0,0,0,1,1
78200,1,0,0,0,0,1,1
80474,0,0,0,0,0,1,1
81336,1,0,0,0,0,1,1
81711,1,0,0,0,0,1,1
132393,0,0,0,0,0,0,1
132685,0,0,0,0,0,0,1
132841,1,0,0,0,0,0,1
133088,0,0,0,0,0,0,1
133147,1,0,0,0,0,0,1
133150,1,0,0,0,0,0,1
133364,0,0,0,0,0,0,1
133419,0,0,0,0,0,0,1
133646,1,0,0,0,0,0,1
133713,1,0,0,0,0,0,1
133714,1,0,0,0,0,0,1
133726,0,0,0,0,0,0,1
133926,0,0,0,0,0,0,1
133974,0,0,0,0,0,0,1
134312,1,0,0,0,0,0,1
134534,0,0,0,0,0,0,1
134603,0,0,0,0,0,0,1
134661,1,0,0,0,0,0,1
134681,1,0,0,0,0,0,1
135057,0,0,0,0,0,0,1
135157,1,0,0,0,0,0,1
135204,0,0,0,0,0,0,1
135699,0,0,0,0,0,0,1
135762,1,0,0,0,0,0,1
135778,0,0,0,0,0,0,1
135893,0,0,0,0,0,0,1
135930,1,0,0,0,0,0,1
136354,1,0,0,0,0,0,1
136760,1,0,0,0,0,0,1
136779,1,0,0,0,0,0,1
136865,1,0,0,0,0,0,1
136915,0,0,0,0,0,0,1
136916,1,0,0,0,0,0,1
136917,1,0,0,0,0,0,1
136960,0,0,0,0,0,0,1
137077,1,0,0,0,0,0,1
137275,0,0,0,0,0,0,1
137443,1,0,0,0,0,0,1
137658,0,0,0,0,0,0,1
137785,0,0,0,0,0,0,1
137900,0,0,0,0,0,0,1
138027,1,0,0,0,0,0,1
138148,1,0,0,0,0,0,1
138255,0,0,0,0,0,0,1
138479,1,0,0,0,0,0,1
138708,0,0,0,0,0,0,1
138932,0,0,0,0,0,0,1
138933,0,0,0,0,0,0,1
139757,1,0,0,0,0,0,1
139841,1,0,0,0,0,0,1
139970,1,0,0,0,0,0,1
140173,0,0,0,0,0,0,1
140191,1,0,0,0,0,0,1
140352,0,0,0,0,0,0,1
140357,1,0,0,0,0,0,1
140362,0,0,0,0,0,0,1
140609,0,0,0,0,0,0,1
141305,1,0,0,0,0,0,1
141816,1,0,0,0,0,0,1
141955,0,0,0,0,0,0,1
192438,1,1,0,0,0,0,1
192673,1,0,0,0,0,0,1
192759,1,0,0,0,0,0,1
192785,0,0,0,0,0,0,1
193138,0,0,0,0,0,0,1
193144,1,0,0,0,0,0,1
193165,1,0,0,0,0,0,1
193238,0,0,0,0,0,0,1
193242,1,0,0,0,0,0,1
193252,0,0,0,0,0,0,1
193528,0,0,0,0,0,0,1
193552,1,0,0,0,0,0,1
193625,1,0,0,0,0,0,1
193630,0,0,0,0,0,0,1
193739,0,0,0,0,0,0,1
193900,1,0,0,0,0,0,1
194152,0,0,0,0,0,0,1
194201,0,0,0,0,0,0,1
194408,0,0,0,0,0,0,1
194412,0,0,0,0,0,0,1
194685,0,0,0,0,0,0,1
194788,0,0,0,0,0,0,1
194804,0,0,0,0,0,0,1
194831,0,0,0,0,0,0,1
194878,0,0,0,0,0,0,1
195363,1,0,0,0,0,0,1
195392,1,0,0,0,0,0,1
195591,0,0,0,0,0,0,1
195599,0,0,0,0,0,0,1
195877,0,0,0,0,0,0,1
195901,0,0,0,0,0,0,1
195958,0,0,0,0,0,0,1
195961,1,0,0,0,0,0,1
196053,0,0,0,0,0,0,1
196157,1,0,0,0,0,0,1
196259,0,0,0,0,0,0,1
196271,1,0,0,0,0,0,1
196365,0,0,0,0,0,0,1
196444,0,0,0,0,0,0,1
196559,0,0,0,0,0,0,1
196724,1,0,0,0,0,0,1
196813,0,0,0,0,0,0,1
196858,0,0,0,0,0,0,1
197324,1,0,0,0,0,0,1
197330,0,0,0,0,0,0,1
197332,0,0,0,0,0,0,1
197601,1,0,0,0,0,0,1
197603,0,0,0,0,0,0,1
197723,1,0,0,0,0,0,1
198049,0,0,0,0,0,0,1
198191,0,0,0,0,0,0,1
198289,0,0,0,0,0,0,1
198446,0,0,0,0,0,0,1
198528,1,0,0,0,0,0,1
198645,0,0,0,0,0,0,1
198646,0,0,0,0,0,0,1
199064,0,0,0,0,0,0,1
199066,0,0,0,0,0,0,1
199870,1,0,0,0,0,0,1
200562,1,0,0,0,0,0,1
200567,1,0,0,0,0,0,1
200588,1,0,0,0,0,0,1
200662,0,0,0,0,0,0,1
200831,0,0,0,0,0,0,1
200959,1,0,0,0,0,0,1
201072,0,0,0,0,0,0,1
201075,1,0,0,0,0,0,1
201265,1,0,0,0,0,0,1
201341,0,0,0,0,0,0,1
201441,1,0,0,0,0,0,1
201453,0,0,0,0,0,0,1
201478,1,0,0,0,0,0,1
201773,0,0,0,0,0,0,1
24974,0,0,0,0,0,0,1
24978,0,0,0,0,0,0,1
252477,0,0,0,0,0,0,1
252758,0,0,0,0,0,0,1
252784,1,0,0,0,0,0,1
253896,0,0,0,0,0,0,1
254390,0,0,0,0,0,0,1
254514,1,0,0,0,0,0,1
254830,0,0,0,0,0,0,1
256142,0,0,0,0,0,0,1
257010,0,0,0,0,0,0,1
25780,0,0,0,0,0,0,1
258084,0,0,0,0,0,0,1
258180,0,0,0,0,0,0,1
258441,0,0,0,0,0,0,1
258787,0,0,0,0,0,0,1
260041,0,0,0,0,0,0,1
260130,1,0,0,0,0,0,1
260336,0,0,0,0,0,0,1
26052,1,0,0,0,0,0,1
261047,1,0,0,0,0,0,1
261116,0,0,0,0,0,0,1
261327,1,0,0,0,0,0,1
261514,0,0,0,0,0,0,1
26823,0,0,0,0,0,0,1
27918,0,0,0,0,0,0,1
30361,0,0,0,0,0,0,1
30365,1,0,0,0,0,0,1
30968,1,0,0,0,0,0,1
312336,1,0,0,0,0,0,1
312902,0,0,0,0,0,0,1
313005,0,0,0,0,0,0,1
313007,0,0,0,0,0,0,1
313209,0,0,0,0,0,0,1
313761,0,0,0,0,0,0,1
314171,1,0,0,0,0,0,1
314423,1,0,0,0,0,0,1
314457,0,0,0,0,0,0,1
31509,0,0,0,0,0,0,1
315273,0,0,0,0,0,0,1
315361,1,0,0,0,0,0,1
316428,1,0,0,0,0,0,1
316866,1,1,0,0,0,0,1
317376,1,0,0,0,0,0,1
317510,0,1,0,0,0,0,1
317895,1,0,0,0,0,0,1
318096,1,0,0,0,0,0,1
318173,0,0,0,0,0,0,1
318174,1,0,0,0,0,0,1
318445,0,0,0,0,0,0,1
318566,1,0,0,0,0,0,1
319844,1,0,0,0,0,0,1
320342,1,0,0,0,0,0,1
320425,0,0,0,0,0,0,1
320739,0,0,0,0,0,0,1
321074,0,0,0,0,0,0,1
321661,0,0,0,0,0,0,1
321689,1,0,0,0,0,0,1
372599,0,0,0,0,0,0,1
372627,0,0,0,0,0,0,1
372886,0,0,0,0,0,0,1
372897,1,0,0,0,0,0,1
372907,0,0,0,0,0,0,1
372925,0,1,0,0,0,0,1
373101,1,0,0,0,0,0,1
373105,0,0,0,0,0,0,1
373216,0,0,0,0,0,0,1
373425,1,0,0,0,0,0,1
373449,1,0,0,0,0,0,1
373462,0,0,0,0,0,0,1
373472,0,0,0,0,0,0,1
373487,0,0,0,0,0,0,1
373654,0,0,0,0,0,0,1
373718,0,0,0,0,0,0,1
373766,0,0,0,0,0,0,1
373775,1,0,0,0,0,0,1
374358,1,0,0,0,0,0,1
374362,0,0,0,0,0,0,1
374649,0,0,0,0,0,0,1
374886,0,0,0,0,0,0,1
374915,1,0,0,0,0,0,1
374931,0,0,0,0,0,0,1
375246,1,0,0,0,0,0,1
375249,0,0,0,0,0,0,1
375275,0,0,0,0,0,0,1
375528,0,0,0,0,0,0,1
375820,0,0,0,0,0,0,1
376102,0,0,0,0,0,0,1
376111,1,0,0,0,0,0,1
376113,1,0,0,0,0,0,1
376131,0,0,0,0,0,0,1
376224,0,0,0,0,0,0,1
376387,1,0,0,0,0,0,1
376417,1,0,0,0,0,0,1
377126,1,0,0,0,0,0,1
377539,0,0,0,0,0,0,1
377554,0,0,0,0,0,0,1
377556,0,0,0,0,0,0,1
377561,0,0,0,0,0,0,1
377573,1,0,0,0,0,0,1
377678,0,0,0,0,0,0,1
377844,0,0,0,0,0,0,1
378144,0,0,0,0,0,0,1
378165,0,0,0,0,0,0,1
378256,1,0,0,0,0,0,1
378298,0,0,0,0,0,0,1
378413,0,0,0,0,0,0,1
378743,1,0,0,0,0,0,1
379812,0,0,0,0,0,0,1
379822,0,0,0,0,0,0,1
380097,1,0,0,0,0,0,1
380375,1,0,0,0,0,0,1
380395,0,0,0,0,0,0,1
380402,0,0,0,0,0,0,1
380406,0,0,0,0,0,0,1
380702,0,0,0,0,0,0,1
380707,1,0,0,0,0,0,1
380720,0,0,0,0,0,0,1
380818,1,0,0,0,0,0,1
381031,0,0,0,0,0,0,1
381316,1,1,0,0,0,0,1
381551,1,0,0,0,0,0,1
381569,0,0,0,0,0,0,1
381572,1,0,0,0,0,0,1
4002823,0,0,0,0,0,0,1
4005933,0,0,0,0,0,0,1
4012454,1,0,0,0,0,0,1
4013526,0,0,0,0,0,0,1
4016889,1,0,0,0,0,0,1
4022071,0,0,0,0,0,0,1
4024763,0,0,0,0,0,0,1
4028641,0,0,0,0,0,0,1
4029467,0,0,0,0,0,0,1
4038495,0,0,0,0,0,0,1
4038835,1,1,0,0,0,0,1
40389850,1,0,0,0,0,0,1
40389897,1,0,0,0,0,0,1
40480943,0,0,0,0,0,0,1
40481367,0,0,0,0,0,0,1
40481374,0,0,0,0,0,0,1
40482247,0,0,0,0,0,0,1
40483286,0,0,0,0,0,0,1
40484010,1,0,0,0,0,0,1
40492474,1,0,0,0,0,0,1
4051568,1,0,0,0,0,0,1
4054908,0,0,0,0,0,0,1
4056171,0,0,0,0,0,0,1
4059948,0,0,0,0,0,0,1
4062654,0,0,0,0,0,0,1
4062733,0,0,0,0,0,0,1
4064381,0,0,0,0,0,0,1
4064926,1,0,0,0,0,0,1
4064929,1,0,0,0,0,0,1
4066376,0,0,0,0,0,0,1
4079936,0,0,0,0,0,0,1
4081756,1,0,0,0,0,0,1
4090255,1,0,0,0,0,0,1
4092217,0,0,0,0,0,0,1
4092511,0,0,0,0,0,0,1
4094267,0,0,0,0,0,0,1
4095592,1,0,0,0,0,0,1
4096198,1,0,0,0,0,0,1
4096665,1,0,0,0,0,0,1
4098160,1,0,0,0,0,0,1
4098465,0,0,0,0,0,0,1
4101068,0,0,0,0,0,0,1
4103638,1,0,0,0,0,0,1
4104581,0,0,0,0,0,0,1
4108676,0,0,0,0,0,0,1
4112364,0,0,0,0,0,0,1
4112514,1,0,0,0,0,0,1
4129404,1,0,0,0,0,0,1
4140207,1,0,0,0,0,0,1
4143966,1,0,0,0,0,0,1
4144783,1,0,0,0,0,0,1
4146248,0,0,0,0,0,0,1
4148263,1,0,0,0,0,0,1
4148887,0,0,0,0,0,0,1
4149299,1,0,0,0,0,0,1
4149382,1,0,0,0,0,0,1
4150778,0,0,0,0,0,0,1
4154616,0,0,0,0,0,0,1
4157333,0,0,0,0,0,0,1
4157605,1,0,0,0,0,0,1
4162218,0,0,0,0,0,0,1
4164222,1,0,0,0,0,0,1
4167696,1,0,0,0,0,0,1
4170576,0,0,0,0,0,0,1
4171434,0,0,0,0,0,0,1
4175331,0,0,0,0,0,0,1
4177243,1,0,0,0,0,0,1
4178898,1,0,0,0,0,0,1
4179235,1,0,0,0,0,0,1
4181332,0,0,0,0,0,0,1
4181357,0,0,0,0,0,0,1
4195572,1,0,0,0,0,0,1
4200655,1,0,0,0,0,0,1
4204967,1,0,0,0,0,0,1
4213085,1,0,0,0,0,0,1
4228802,1,0,0,0,0,0,1
4247802,1,0,0,0,0,0,1
4263748,1,0,0,0,0,0,1
4287237,0,0,0,0,0,0,1
4305841,0,0,0,0,0,0,1
4310682,0,0,0,0,0,0,1
432289,1,0,0,0,0,0,1
432296,0,0,0,0,0,0,1
432311,1,0,0,0,0,0,1
432411,1,0,0,0,0,0,1
432454,1,0,0,0,0,0,1
432458,0,0,0,0,0,0,1
432504,1,0,0,0,0,0,1
432534,1,0,0,0,0,0,1
432626,0,0,0,0,0,0,1
432719,0,0,0,0,0,0,1
432739,1,0,0,0,0,0,1
432742,0,0,0,0,0,0,1
432803,1,0,0,0,0,0,1
432808,1,0,0,0,0,0,1
432814,1,0,0,0,0,0,1
432833,0,0,0,0,0,0,1
432837,0,0,0,0,0,0,1
432838,0,0,0,0,0,0,1
432869,1,0,0,0,0,0,1
432878,1,0,0,0,0,0,1
432933,1,0,0,0,0,0,1
433033,1,0,0,0,0,0,1
433058,0,0,0,0,0,0,1
433083,1,0,0,0,0,0,1
4331070,1,0,0,0,0,0,1
433134,0,0,0,0,0,0,1
433196,0,0,0,0,0,0,1
433218,1,0,0,0,0,0,1
433230,0,0,0,0,0,0,1
433244,0,0,0,0,0,0,1
433329,1,0,0,0,0,0,1
433374,1,0,0,0,0,0,1
433376,1,0,0,0,0,0,1
433455,0,0,0,0,0,0,1
433471,0,0,0,0,0,0,1
433495,0,0,0,0,0,0,1
433496,1,0,0,0,0,0,1
433509,0,0,0,0,0,0,1
433524,1,0,0,0,0,0,1
433540,1,0,0,0,0,0,1
433556,0,0,0,0,0,0,1
433600,1,0,0,0,0,0,1
433606,1,0,0,0,0,0,1
433612,1,0,0,0,0,0,1
433642,1,0,0,0,0,0,1
433678,1,0,0,0,0,0,1
433716,1,0,0,0,0,0,1
433846,0,0,0,0,0,0,1
433877,0,0,0,0,0,0,1
433881,1,0,0,0,0,0,1
433899,1,0,0,0,0,0,1
433930,1,0,0,0,0,0,1
433938,0,0,0,0,0,0,1
433951,1,0,0,0,0,0,1
434029,0,0,0,0,0,0,1
434046,1,0,0,0,0,0,1
434051,0,0,0,0,0,0,1
434164,0,0,0,0,0,0,1
434165,1,0,0,0,0,0,1
434172,1,0,0,0,0,0,1
434181,1,0,0,0,0,0,1
434223,1,0,0,0,0,0,1
434228,1,0,0,0,0,0,1
434374,1,0,0,0,0,0,1
434492,0,0,0,0,0,0,1
434493,1,0,0,0,0,0,1
434544,0,0,0,0,0,0,1
434614,0,0,0,0,0,0,1
4346969,0,0,0,0,0,0,1
434697,1,0,0,0,0,0,1
434742,0,0,0,0,0,0,1
434793,0,0,0,0,0,0,1
434819,1,0,0,0,0,0,1
434875,0,0,0,0,0,0,1
434885,0,0,0,0,0,0,1
434891,0,0,0,0,0,0,1
435022,0,0,0,0,0,0,1
435100,1,0,0,0,0,0,1
435149,1,0,0,0,0,0,1
435155,0,0,0,0,0,0,1
435166,1,0,0,0,0,0,1
435367,1,0,0,0,0,0,1
435374,1,0,0,0,0,0,1
435394,0,0,0,0,0,0,1
435533,0,0,0,0,0,0,1
435648,0,0,0,0,0,0,1
435651,1,0,0,0,0,0,1
435661,1,0,0,0,0,0,1
435754,0,0,0,0,0,0,1
435755,1,0,0,0,0,0,1
435790,0,0,0,0,0,0,1
435836,1,0,0,0,0,0,1
435849,1,0,0,0,0,0,1
435969,1,0,0,0,0,0,1
436059,0,0,0,0,0,0,1
436080,1,0,0,0,0,0,1
436110,0,0,0,0,0,0,1
436233,0,0,0,0,0,0,1
436249,1,0,0,0,0,0,1
436386,1,0,0,0,0,0,1
436421,1,0,0,0,0,0,1
436470,0,0,0,0,0,0,1
436510,1,0,0,0,0,0,1
436597,0,0,0,0,0,0,1
436675,1,1,0,0,0,0,1
436700,0,0,0,0,0,0,1
436832,1,0,0,0,0,0,1
436920,0,0,0,0,0,0,1
436923,0,0,0,0,0,0,1
436948,1,0,0,0,0,0,1
436957,0,0,0,0,0,0,1
437064,0,0,0,0,0,0,1
437167,1,0,0,0,0,0,1
437169,1,0,0,0,0,0,1
437186,1,0,0,0,0,0,1
437195,0,0,0,0,0,0,1
437241,0,0,0,0,0,0,1
437359,0,0,0,0,0,0,1
437402,1,0,0,0,0,0,1
437477,1,0,0,0,0,0,1
437498,1,0,0,0,0,0,1
437528,1,0,0,0,0,0,1
437584,0,0,0,0,0,0,1
437664,0,0,0,0,0,0,1
437689,1,0,0,0,0,0,1
437693,0,0,0,0,0,0,1
437784,0,1,0,0,0,0,1
437993,0,0,0,0,0,0,1
438005,1,0,0,0,0,0,1
438047,1,0,0,0,0,0,1
438094,1,0,0,0,0,0,1
438111,1,0,0,0,0,0,1
438134,1,0,0,0,0,0,1
438155,0,0,0,0,0,0,1
438269,1,0,0,0,0,0,1
438329,1,0,0,0,0,0,1
438331,1,0,0,0,0,0,1
438390,0,0,0,0,0,0,1
438407,1,0,0,0,0,0,1
438422,0,0,0,0,0,0,1
438527,1,0,0,0,0,0,1
438555,0,0,0,0,0,0,1
438698,1,0,0,0,0,0,1
438701,0,0,0,0,0,0,1
438750,1,0,0,0,0,0,1
438857,0,0,0,0,0,0,1
438882,1,0,0,0,0,0,1
438884,1,0,0,0,0,0,1
438983,1,0,0,0,0,0,1
439035,0,0,0,0,0,0,1
439050,0,0,0,0,0,0,1
439150,1,0,0,0,0,0,1
439154,0,0,0,0,0,0,1
439155,0,0,0,0,0,0,1
439206,0,0,0,0,0,0,1
439219,0,0,0,0,0,0,1
439246,1,0,0,0,0,0,1
439248,0,0,0,0,0,0,1
439254,1,0,0,0,0,0,1
439296,0,0,0,0,0,0,1
439302,1,0,0,0,0,0,1
439303,0,0,0,0,0,0,1
439371,1,0,0,0,0,0,1
439463,0,0,0,0,0,0,1
439605,1,0,0,0,0,0,1
439655,0,0,0,0,0,0,1
439696,0,0,0,0,0,0,1
439700,1,0,0,0,0,0,1
439706,0,0,0,0,0,0,1
439932,0,0,0,0,0,0,1
439935,1,0,0,0,0,0,1
439937,0,0,0,0,0,0,1
439983,0,0,0,0,0,0,1
440058,0,0,0,0,0,0,1
440059,1,0,0,0,0,0,1
440081,0,0,0,0,0,0,1
440155,1,0,0,0,0,0,1
440270,0,0,0,0,0,0,1
440366,0,0,0,0,0,0,1
440530,1,0,0,0,0,0,1
440531,1,0,0,0,0,0,1
440548,0,0,0,0,0,0,1
440577,1,0,0,0,0,0,1
440603,1,0,0,0,0,0,1
440658,1,0,0,0,0,0,1
440676,1,0,0,0,0,0,1
440690,1,0,0,0,0,0,1
440748,1,0,0,0,0,0,1
440750,1,0,0,0,0,0,1
440828,0,0,0,0,0,0,1
440855,1,0,0,0,0,0,1
440856,0,0,0,0,0,0,1
440916,1,0,0,0,0,0,1
440930,0,0,0,0,0,0,1
440956,0,0,0,0,0,0,1
440973,1,0,0,0,0,0,1
440989,0,0,0,0,0,0,1
440994,0,0,0,0,0,0,1
441032,0,0,0,0,0,0,1
441133,0,0,0,0,0,0,1
441153,0,0,0,0,0,0,1
441155,1,0,0,0,0,0,1
441171,1,0,0,0,0,0,1
441201,1,0,0,0,0,0,1
441267,0,0,0,0,0,0,1
441277,0,0,0,0,0,0,1
441283,0,0,0,0,0,0,1
441415,1,0,0,0,0,0,1
441421,0,0,0,0,0,0,1
441515,0,0,0,0,0,0,1
441536,1,0,0,0,0,0,1
441553,1,0,0,0,0,0,1
441805,0,0,0,0,0,0,1
441846,0,0,0,0,0,0,1
441868,0,0,0,0,0,0,1
442005,0,0,0,0,0,0,1
442012,0,0,0,0,0,0,1
442018,0,0,0,0,0,0,1
442073,1,0,0,0,0,0,1
442110,0,0,0,0,0,0,1
442167,0,0,0,0,0,0,1
442182,1,0,0,0,0,0,1
442360,1,0,0,0,0,0,1
442427,0,0,0,0,0,0,1
442531,1,0,0,0,0,0,1
442540,0,0,0,0,0,0,1
442553,0,0,0,0,0,0,1
442597,0,0,0,0,0,0,1
442601,0,0,0,0,0,0,1
442628,0,0,0,0,0,0,1
442703,0,0,0,0,0,0,1
442766,0,0,0,0,0,0,1
442827,1,0,0,0,0,0,1
442842,1,0,0,0,0,0,1
442936,1,0,0,0,0,0,1
442943,0,0,0,0,0,0,1
443007,1,0,0,0,0,0,1
443207,0,0,0,0,0,0,1
443238,0,0,0,0,0,0,1
443295,0,0,0,0,0,0,1
443315,1,0,0,0,0,0,1
443345,1,0,0,0,0,0,1
443352,0,0,0,0,0,0,1
443401,0,0,0,0,0,0,1
443409,0,0,0,0,0,0,1
443422,0,0,0,0,0,0,1
443429,1,0,0,0,0,0,1
443446,0,0,0,0,0,0,1
443459,0,0,0,0,0,0,1
443464,0,0,0,0,0,0,1
443539,1,0,0,0,0,0,1
443564,1,0,0,0,0,0,1
443571,1,0,0,0,0,0,1
443577,1,0,0,0,0,0,1
443932,0,0,0,0,0,0,1
444055,0,0,0,0,0,0,1
444064,0,0,0,0,0,0,1
444090,1,0,0,0,0,0,1
444115,1,0,0,0,0,0,1
444125,0,0,0,0,0,0,1
444166,1,0,0,0,0,0,1
72415,0,0,0,0,0,0,1
72717,1,0,0,0,0,0,1
72996,1,0,0,0,0,0,1
73026,1,0,0,0,0,0,1
73041,1,0,0,0,0,0,1
73153,1,0,0,0,0,0,1
73336,0,0,0,0,0,0,1
73383,0,0,0,0,0,0,1
73575,0,0,0,0,0,0,1
73614,0,0,0,0,0,0,1
73673,1,0,0,0,0,0,1
73866,0,0,0,0,0,0,1
74399,0,0,0,0,0,0,1
74505,1,0,0,0,0,0,1
74522,0,0,0,0,0,0,1
74777,1,0,0,0,0,0,1
74786,1,0,0,0,0,0,1
75065,0,1,0,0,0,0,1
75365,1,0,0,0,0,0,1
75629,1,0,0,0,0,0,1
75637,0,0,0,0,0,0,1
75709,0,0,0,0,0,0,1
75756,0,0,0,0,0,0,1
76002,0,0,0,0,0,0,1
76191,1,0,0,0,0,0,1
76201,0,0,0,0,0,0,1
76240,1,0,0,0,0,0,1
76388,0,0,0,0,0,0,1
76548,0,0,0,0,0,0,1
76573,0,0,0,0,0,0,1
76574,0,0,0,0,0,0,1
76777,0,0,0,0,0,0,1
76797,0,0,0,0,0,0,1
77310,1,0,0,0,0,0,1
77373,1,0,0,0,0,0,1
77437,0,0,0,0,0,0,1
77600,0,0,0,0,0,0,1
77637,0,0,0,0,0,0,1
77647,1,1,0,0,0,0,1
77650,1,0,0,0,0,0,1
77701,0,0,0,0,0,0,1
77702,1,0,0,0,0,0,1
77955,0,0,0,0,0,0,1
78267,1,0,0,0,0,0,1
78273,1,0,0,0,0,0,1
78579,1,0,0,0,0,0,1
78888,1,0,0,0,0,0,1
79189,0,0,0,0,0,0,1
79230,0,0,0,0,0,0,1
79911,1,0,0,0,0,0,1
79916,1,0,0,0,0,0,1
80241,1,0,0,0,0,0,1
80509,1,0,0,0,0,0,1
80541,1,0,0,0,0,0,1
80568,0,0,0,0,0,0,1
80571,1,0,0,0,0,0,1
80805,0,0,0,0,0,0,1
80852,1,0,0,0,0,0,1
81141,1,0,0,0,0,0,1
81358,0,0,0,0,0,0,1
81390,1,0,0,0,0,0,1
81670,1,0,0,0,0,0,1
81696,0,0,0,0,0,0,1
434328,1,0,0,0,0,0,0
4329840,1,0,0,0,0,0,0
373764,1,0,0,0,0,0,0
440694,1,0,0,0,0,0,0
133510,1,0,0,0,0,0,0
80183,1,0,0,0,0,0,0
4340380,1,0,0,0,0,0,0
4079499,1,0,0,0,0,0,0
441465,1,0,0,0,0,0,0
198371,1,0,0,0,0,0,0
435231,1,0,0,0,0,0,0
133468,1,1,0,0,0,0,0
440080,1,0,0,0,0,0,0
440919,1,0,0,0,0,0,0
439348,1,0,0,0,0,0,0
434314,1,0,0,0,0,0,0
436136,1,0,0,0,0,0,0
440923,1,0,0,0,0,0,0
435657,1,1,0,0,0,0,0
4242962,1,0,0,0,0,0,0
252365,1,0,0,0,0,0,0
81943,1,0,0,0,0,0,0
440272,1,0,0,0,0,0,0
432884,1,0,0,0,0,0,0
377853,1,0,0,0,0,0,0
4103574,1,0,0,0,0,0,0
437158,1,0,0,0,0,0,0
4285139,1,0,0,0,0,0,0
437982,1,0,0,0,0,0,0
435011,1,0,0,0,0,0,0
436088,1,0,0,0,0,0,0
444285,1,0,0,0,0,0,0
442262,1,0,0,0,0,0,0
437726,1,0,0,0,0,0,0
4236391,1,0,0,0,0,0,0
4051110,1,0,0,0,0,0,0
439405,1,0,0,0,0,0,0
4330220,1,0,0,0,0,0,0
434455,1,0,0,0,0,0,0
378734,1,0,0,0,0,0,0
4104072,1,0,0,0,0,0,0
4105330,1,0,0,0,0,0,0
443235,1,0,0,0,0,0,0
4110022,1,0,0,0,0,0,0
197807,1,0,0,0,0,0,0
436357,1,0,0,0,0,0,0
435381,1,0,0,0,0,0,0
136516,1,0,0,0,0,0,0
444362,1,0,0,0,0,0,0
4052837,1,0,0,0,0,0,0
433935,1,0,0,0,0,0,0
4064375,1,0,0,0,0,0,0
4088777,1,1,0,0,0,0,0
442985,1,0,0,0,0,0,0
436829,1,0,0,0,0,0,0
432301,1,0,0,0,0,0,0
381285,1,0,0,0,0,0,0
79897,1,0,0,0,0,0,0
74472,1,0,0,0,0,0,0
194419,1,0,0,0,0,0,0
433675,1,0,0,0,0,0,0
4091320,1,0,0,0,0,0,0
314664,1,0,0,0,0,0,0
434431,1,0,0,0,0,0,0
441193,1,0,0,0,0,0,0
375077,1,0,0,0,0,0,0
4085922,1,0,0,0,0,0,0
4053378,1,0,0,0,0,0,0
435979,1,0,0,0,0,0,0
80512,1,0,0,0,0,0,0
40482203,1,0,0,0,0,0,0
198401,1,0,0,0,0,0,0
73841,1,0,0,0,0,0,0
78560,1,0,0,0,0,0,0
438917,1,0,0,0,0,0,0
374221,1,0,0,0,0,0,0
435236,1,0,0,0,0,0,0
443556,1,0,0,0,0,0,0
196794,1,0,0,0,0,0,0
4340379,1,0,0,0,0,0,0
40490423,1,0,0,0,0,0,0
4201412,1,0,0,0,0,0,0
74127,1,0,0,0,0,0,0
442584,1,0,0,0,0,0,0
438126,1,0,0,0,0,0,0
434252,1,0,0,0,0,0,0
440422,1,0,0,0,0,0,0
136264,1,0,0,0,0,0,0
441489,1,0,0,0,0,0,0
78518,1,0,0,0,0,0,0
201527,1,0,0,0,0,0,0
435140,1,0,0,0,0,0,0
436089,1,0,0,0,0,0,0
432537,1,0,0,0,0,0,0
437058,1,0,0,0,0,0,0
4024013,1,0,0,0,0,0,0
201231,1,0,0,0,0,0,0
321389,1,0,0,0,0,0,0
433919,1,0,0,0,0,0,0
439105,1,0,0,0,0,0,0
4186238,1,0,0,0,0,0,0
432874,1,0,0,0,0,0,0
195259,1,1,0,0,0,0,0
433315,1,0,0,0,0,0,0
4010070,1,0,0,0,0,0,0
439666,1,0,0,0,0,0,0
378726,1,0,0,0,0,0,0
440308,1,0,0,0,0,0,0
201461,1,0,0,0,0,0,0
434916,1,0,0,0,0,0,0
376537,1,0,0,0,0,0,0
4051702,1,0,0,0,0,0,0
432302,1,0,0,0,0,0,0
435516,1,0,0,0,0,0,0
201518,1,0,0,0,0,0,0
193863,1,0,0,0,0,0,0
377802,1,0,0,0,0,0,0
443400,1,0,0,0,0,0,0
439152,1,0,0,0,0,0,0
4160859,1,0,0,0,0,0,0
438058,1,0,0,0,0,0,0
441835,1,0,0,0,0,0,0
201117,1,0,0,0,0,0,0
437753,1,0,0,0,0,0,0
435532,1,0,0,0,0,0,0
436640,1,0,0,0,0,0,0
441477,1,0,0,0,0,0,0
434153,1,0,0,0,0,0,0
434512,1,0,0,0,0,0,0
4178537,1,0,0,0,0,0,0
4146235,1,0,0,0,0,0,0
381135,1,0,0,0,0,0,0
441172,1,0,0,0,0,0,0
436101,1,0,0,0,0,0,0
79957,1,0,0,0,0,0,0
4054807,1,0,0,0,0,0,0
443789,1,0,0,0,0,0,0
4184877,1,0,0,0,0,0,0
138029,1,0,0,0,0,0,0
440558,1,0,0,0,0,0,0
78093,1,0,0,0,0,0,0
432436,1,0,0,0,0,0,0
434002,1,0,0,0,0,0,0
4261933,1,0,0,0,0,0,0
374317,1,0,0,0,0,0,0
441077,1,0,0,0,0,0,0
378573,1,0,0,0,0,0,0
321876,1,0,0,0,0,0,0
256450,1,0,0,0,0,0,0
434281,1,0,0,0,0,0,0
259992,1,0,0,0,0,0,0
4059157,1,0,0,0,0,0,0
440532,1,0,0,0,0,0,0
74768,1,0,0,0,0,0,0
4080568,1,1,0,0,0,0,0
437262,1,0,0,0,0,0,0
433976,1,0,0,0,0,0,0
40481819,1,0,0,0,0,0,0
4064925,1,0,0,0,0,0,0
442565,1,0,0,0,0,0,0
4177115,1,0,0,0,0,0,0
80269,1,0,0,0,0,0,0
313236,1,0,0,0,0,0,0
433578,1,0,0,0,0,0,0
440685,1,0,0,0,0,0,0
4322175,1,0,0,0,0,0,0
81707,1,0,0,0,0,0,0
4232595,1,0,0,0,0,0,0
4303805,1,0,0,0,0,0,0
198991,1,0,0,0,0,0,0
436837,1,0,0,0,0,0,0
438086,1,0,0,0,0,0,0
78987,1,0,0,0,0,0,0
75066,1,0,0,0,0,0,0
40490434,1,0,0,0,0,0,0
434237,1,0,0,0,0,0,0
438020,1,0,0,0,0,0,0
433452,1,0,0,0,0,0,0
81672,1,0,0,0,0,0,0
4022081,1,0,0,0,0,0,0
440268,1,0,0,0,0,0,0
80811,1,0,0,0,0,0,0
434789,1,0,0,0,0,0,0
252341,1,0,0,0,0,0,0
440849,1,0,0,0,0,0,0
138293,1,0,0,0,0,0,0
440236,1,0,0,0,0,0,0
201824,1,0,0,0,0,0,0
78834,1,0,0,0,0,0,0
372424,1,0,0,0,0,0,0
440307,1,0,0,0,0,0,0
4062491,1,0,0,0,0,0,0
140823,1,0,0,0,0,0,0
4058422,1,0,0,0,0,0,0
4227745,1,0,0,0,0,0,0
444438,1,0,0,0,0,0,0
432451,1,0,0,0,0,0,0
375825,1,0,0,0,0,0,0
0,0,1,0,0,0,0,0
137193,0,1,0,0,0,0,0
141124,0,1,0,0,0,0,0
193170,0,1,0,0,0,0,0
193871,0,1,0,0,0,0,0
196653,0,1,0,0,0,0,0
198202,0,1,0,0,0,0,0
198334,0,1,0,0,0,0,0
199861,0,1,0,0,0,0,0
201891,0,1,0,0,0,0,0
261236,0,1,0,0,0,0,0
373432,0,1,0,0,0,0,0
377277,0,1,0,0,0,0,0
378747,0,1,0,0,0,0,0
379778,0,1,0,0,0,0,0
381278,0,1,0,0,0,0,0
381304,0,1,0,0,0,0,0
432586,0,1,0,0,0,0,0
433417,0,1,0,0,0,0,0
433856,0,1,0,0,0,0,0
434489,0,1,0,0,0,0,0
435740,0,1,0,0,0,0,0
438067,0,1,0,0,0,0,0
439383,0,1,0,0,0,0,0
439659,0,1,0,0,0,0,0
439661,0,1,0,0,0,0,0
439664,0,1,0,0,0,0,0
441103,0,1,0,0,0,0,0
442335,0,1,0,0,0,0,0
442546,0,1,0,0,0,0,0
443213,0,1,0,0,0,0,0
443600,0,1,0,0,0,0,0
444209,0,1,0,0,0,0,0
4009719,0,1,0,0,0,0,0
4010024,0,1,0,0,0,0,0
4010658,0,1,0,0,0,0,0
4011323,0,1,0,0,0,0,0
4011332,0,1,0,0,0,0,0
4012101,0,1,0,0,0,0,0
4012109,0,1,0,0,0,0,0
4012558,0,1,0,0,0,0,0
4016155,0,1,0,0,0,0,0
4021498,0,1,0,0,0,0,0
4022201,0,1,0,0,0,0,0
4026112,0,1,0,0,0,0,0
4028254,0,1,0,0,0,0,0
4028265,0,1,0,0,0,0,0
4029295,0,1,0,0,0,0,0
4029305,0,1,0,0,0,0,0
4030041,0,1,0,0,0,0,0
4033227,0,1,0,0,0,0,0
4033336,0,1,0,0,0,0,0
4033722,0,1,0,0,0,0,0
4034097,0,1,0,0,0,0,0
4034681,0,1,0,0,0,0,0
4036628,0,1,0,0,0,0,0
4036955,0,1,0,0,0,0,0
4037136,0,1,0,0,0,0,0
4037322,0,1,0,0,0,0,0
4038705,0,1,0,0,0,0,0
4038838,0,1,0,0,0,0,0
4039266,0,1,0,0,0,0,0
4042145,0,1,0,0,0,0,0
4049588,0,1,0,0,0,0,0
4051166,0,1,0,0,0,0,0
4052079,0,1,0,0,0,0,0
4052648,0,1,0,0,0,0,0
4053826,0,1,0,0,0,0,0
4058441,0,1,0,0,0,0,0
4058580,0,1,0,0,0,0,0
4059290,0,1,0,0,0,0,0
4060062,0,1,0,0,0,0,0
4060063,0,1,0,0,0,0,0
4061783,0,1,0,0,0,0,0
4066289,0,1,0,0,0,0,0
4067106,0,1,0,0,0,0,0
4071683,0,1,0,0,0,0,0
4071874,0,1,0,0,0,0,0
4077969,0,1,0,0,0,0,0
4079749,0,1,0,0,0,0,0
4080849,0,1,0,0,0,0,0
4082445,0,1,0,0,0,0,0
4086587,0,1,0,0,0,0,0
4088775,0,1,0,0,0,0,0
4089077,0,1,0,0,0,0,0
4090874,0,1,0,0,0,0,0
4093841,0,1,0,0,0,0,0
4095792,0,1,0,0,0,0,0
4096313,0,1,0,0,0,0,0
4096343,0,1,0,0,0,0,0
4096682,0,1,0,0,0,0,0
4098318,0,1,0,0,0,0,0
4100247,0,1,0,0,0,0,0
4103376,0,1,0,0,0,0,0
4103431,0,1,0,0,0,0,0
4103653,0,1,0,0,0,0,0
4106678,0,1,0,0,0,0,0
4107377,0,1,0,0,0,0,0
4107554,0,1,0,0,0,0,0
4110575,0,1,0,0,0,0,0
4112746,0,1,0,0,0,0,0
4113639,0,1,0,0,0,0,0
4113666,0,1,0,0,0,0,0
4113821,0,1,0,0,0,0,0
4114353,0,1,0,0,0,0,0
4115408,0,1,0,0,0,0,0
4119942,0,1,0,0,0,0,0
4126246,0,1,0,0,0,0,0
4127403,0,1,0,0,0,0,0
4127408,0,1,0,0,0,0,0
4128327,0,1,0,0,0,0,0
4129545,0,1,0,0,0,0,0
4131101,0,1,0,0,0,0,0
4132080,0,1,0,0,0,0,0
4134134,0,1,0,0,0,0,0
4134181,0,1,0,0,0,0,0
4134613,0,1,0,0,0,0,0
4134887,0,1,0,0,0,0,0
4134932,0,1,0,0,0,0,0
4136244,0,1,0,0,0,0,0
4138155,0,1,0,0,0,0,0
4140090,0,1,0,0,0,0,0
4142479,0,1,0,0,0,0,0
4142502,0,1,0,0,0,0,0
4143068,0,1,0,0,0,0,0
4144411,0,1,0,0,0,0,0
4144608,0,1,0,0,0,0,0
4145057,0,1,0,0,0,0,0
4145478,0,1,0,0,0,0,0
4145808,0,1,0,0,0,0,0
4146439,0,1,0,0,0,0,0
4146496,0,1,0,0,0,0,0
4147145,0,1,0,0,0,0,0
4147185,0,1,0,0,0,0,0
4147187,0,1,0,0,0,0,0
4147192,0,1,0,0,0,0,0
4148121,0,1,0,0,0,0,0
4149692,0,1,0,0,0,0,0
4150043,0,1,0,0,0,0,0
4150372,0,1,0,0,0,0,0
4151084,0,1,0,0,0,0,0
4151203,0,1,0,0,0,0,0
4152505,0,1,0,0,0,0,0
4155044,0,1,0,0,0,0,0
4155070,0,1,0,0,0,0,0
4155085,0,1,0,0,0,0,0
4155086,0,1,0,0,0,0,0
4155087,0,1,0,0,0,0,0
4155297,0,1,0,0,0,0,0
4157331,0,1,0,0,0,0,0
4158485,0,1,0,0,0,0,0
4158911,0,1,0,0,0,0,0
4160276,0,1,0,0,0,0,0
4161288,0,1,0,0,0,0,0
4162276,0,1,0,0,0,0,0
4165681,0,1,0,0,0,0,0
4168447,0,1,0,0,0,0,0
4170143,0,1,0,0,0,0,0
4170628,0,1,0,0,0,0,0
4171117,0,1,0,0,0,0,0
4173025,0,1,0,0,0,0,0
4179918,0,1,0,0,0,0,0
4180313,0,1,0,0,0,0,0
4181178,0,1,0,0,0,0,0
4181343,0,1,0,0,0,0,0
4182596,0,1,0,0,0,0,0
4183422,0,1,0,0,0,0,0
4184149,0,1,0,0,0,0,0
4186392,0,1,0,0,0,0,0
4188487,0,1,0,0,0,0,0
4188974,0,1,0,0,0,0,0
4191479,0,1,0,0,0,0,0
4191597,0,1,0,0,0,0,0
4192174,0,1,0,0,0,0,0
4193176,0,1,0,0,0,0,0
4194436,0,1,0,0,0,0,0
4194826,0,1,0,0,0,0,0
4195039,0,1,0,0,0,0,0
4195085,0,1,0,0,0,0,0
4197482,0,1,0,0,0,0,0
4199600,0,1,0,0,0,0,0
4199813,0,1,0,0,0,0,0
4200839,0,1,0,0,0,0,0
4202477,0,1,0,0,0,0,0
4202828,0,1,0,0,0,0,0
4203638,0,1,0,0,0,0,0
4204047,0,1,0,0,0,0,0
4205680,0,1,0,0,0,0,0
4211852,0,1,0,0,0,0,0
4214270,0,1,0,0,0,0,0
4216771,0,1,0,0,0,0,0
4217470,0,1,0,0,0,0,0
4217493,0,1,0,0,0,0,0
4217497,0,1,0,0,0,0,0
4218106,0,1,0,0,0,0,0
4218984,0,1,0,0,0,0,0
4219871,0,1,0,0,0,0,0
4222003,0,1,0,0,0,0,0
4223659,0,1,0,0,0,0,0
4237588,0,1,0,0,0,0,0
4245842,0,1,0,0,0,0,0
4246661,0,1,0,0,0,0,0
4247238,0,1,0,0,0,0,0
4260520,0,1,0,0,0,0,0
4263367,0,1,0,0,0,0,0
4265432,0,1,0,0,0,0,0
4266682,0,1,0,0,0,0,0
4269221,0,1,0,0,0,0,0
4275722,0,1,0,0,0,0,0
4275882,0,1,0,0,0,0,0
4297376,0,1,0,0,0,0,0
4300118,0,1,0,0,0,0,0
4300192,0,1,0,0,0,0,0
4300595,0,1,0,0,0,0,0
4302474,0,1,0,0,0,0,0
4302555,0,1,0,0,0,0,0
4303258,0,1,0,0,0,0,0
4304008,0,1,0,0,0,0,0
4311114,0,1,0,0,0,0,0
4311629,0,1,0,0,0,0,0
4317258,0,1,0,0,0,0,0
4317968,0,1,0,0,0,0,0
4320823,0,1,0,0,0,0,0
4320824,0,1,0,0,0,0,0
4320831,0,1,0,0,0,0,0
4322528,0,1,0,0,0,0,0
4328366,0,1,0,0,0,0,0
4338120,0,1,0,0,0,0,0
40479384,0,1,0,0,0,0,0
40479644,0,1,0,0,0,0,0
40480415,0,1,0,0,0,0,0
40481040,0,1,0,0,0,0,0
40483826,0,1,0,0,0,0,0
40484156,0,1,0,0,0,0,0
40491001,0,1,0,0,0,0,0
40589905,0,1,0,0,0,0,0
42709887,0,1,0,0,0,0,0
42872384,0,1,0,0,0,0,0
42873172,0,1,0,0,0,0,0
43021669,0,1,0,0,0,0,0
43021807,0,1,0,0,0,0,0
44783317,0,1,0,0,0,0,0
44784126,0,1,0,0,0,0,0
44790586,0,1,0,0,0,0,0
44800548,0,1,0,0,0,0,0
44800572,0,1,0,0,0,0,0
44801577,0,1,0,0,0,0,0
44810777,0,1,0,0,0,0,0
44812745,0,1,0,0,0,0,0
